"period","pubcons_rpc","pubinves_rpc","salaries_rpc","subs_rpc","dirtax_rpc","indirtax_rpc","tfs_rpc","sce_rpc","scr_rpc","debt_rpc"
1980-01-01,1612.06376546224,368.508163865313,893.506250506908,152.771314448975,636.350099143965,842.358464859414,1091.69212818086,588.626818475599,605.634118728939,11071.5722616775
1980-04-01,1629.57402502061,367.10728930554,898.942675199998,178.84026775082,757.202923528517,832.688523034185,1155.25275546501,596.494356861686,613.803428099851,11046.0048804394
1980-07-01,1636.83960511231,363.611863529771,904.056056164845,177.669419415596,757.180413444821,828.824958190493,1170.00420177933,602.735302085385,620.477350915189,11068.5973362815
1980-10-01,1642.6002918212,361.228206529114,909.577118531336,176.846315758731,758.555247473025,827.178046473723,1198.53167852567,611.840203846488,629.912347771653,10776.3065514942
1981-01-01,1653.60598151852,357.26970153417,914.781969535683,175.818700398322,634.780245281775,817.015098425594,1189.25153112557,590.098461398843,607.197738047719,11284.116766399
1981-04-01,1635.53345589878,353.380730388061,907.447040136085,173.010523514868,753.248779483741,809.623155364777,1185.61183111855,590.827814181443,608.143351373124,11400.582325162
1981-07-01,1633.46720979292,356.027399699184,902.942741940553,169.798893119068,753.034780584389,802.252057633072,1186.54792168576,593.055943045154,610.492274971449,11551.5777573487
1981-10-01,1632.63325891038,360.427299379844,901.86292903086,168.391597949709,750.439730502523,802.121632516754,1193.83211752102,597.462593269545,614.974543170316,11529.5171676266
1982-01-01,1630.53409977219,358.454178875674,901.920669726783,168.738248603218,745.796138613067,802.248360351964,1199.53517311715,598.676283007436,616.144641991032,11979.8505728042
1982-04-01,1615.830868162,346.97013191678,894.921755608675,168.833878224353,749.198021272883,800.611905574964,1201.37830235818,598.788299127576,616.280209817701,12170.6817523639
1982-07-01,1604.87367791872,344.494514086089,888.867132918377,170.463616899062,749.620410265543,806.32680470087,1205.01655582207,600.416531734101,617.95947099649,12430.2829983119
1982-10-01,1598.37151644555,328.974151643902,883.295752368011,171.381737427667,753.395202747539,804.050949006699,1203.34773805698,596.836726977412,614.361545662393,12638.4846339416
1983-01-01,1586.8503939257,325.55340745762,875.280050705679,170.912231145301,747.896455611313,810.405963503098,1201.67036682551,597.800811339325,615.31527587633,12836.9982637076
1983-04-01,1586.47833488584,323.118840502656,872.181814861917,171.307787943057,756.876985968367,807.816193126306,1197.65293344693,595.899917911153,613.347191328364,13021.3541588808
1983-07-01,1583.25732249105,311.98057428753,871.476946511305,172.413868062796,760.482857525731,803.185897869721,1188.75199522408,592.033452198642,609.363179048255,13168.0991556155
1983-10-01,1572.91885707656,308.797459033792,866.216892947689,174.871708335565,761.738588922064,808.715131522909,1181.60845787563,592.048674554372,609.385451553186,13336.725948843
1984-01-01,1570.29478052804,302.473292896174,862.521997137441,179.843490381533,772.5792922859,806.144146981694,1177.61614283406,589.932429578031,607.223454015099,13628.763646347
1984-04-01,1574.00531678148,310.069028424085,864.381132759087,183.701941489302,780.944722699041,819.178637933648,1176.37154929635,591.693798362726,609.014131513531,13941.4513038463
1984-07-01,1571.55026223492,301.341460033199,861.474420194206,184.649788745673,794.446684762813,828.287432004115,1174.52415922499,593.241775909258,610.549902182162,14223.8590580511
1984-10-01,1586.54137130564,305.893564661022,864.180677115135,184.626701888098,804.57838701017,829.481856628984,1179.77082214443,595.648897103916,613.060011903002,14600.5253093747
1985-01-01,1584.5983221576,312.27461917391,860.495295752009,181.639427449371,817.971810223146,827.230085069931,1177.91597076693,596.21483313965,613.669503989246,14727.0518672983
1985-04-01,1584.66557417426,310.81270468459,859.351982932471,179.810783986487,813.714819177647,822.635333074652,1181.19708170069,598.609206609566,616.160852402018,14914.6949859769
1985-07-01,1585.39982692382,316.692588850629,861.525859517402,179.013748746446,807.404778799393,814.641567209774,1181.3483999927,599.036621620709,616.652647993551,15060.677517362
1985-10-01,1588.20854134018,318.258133335908,868.528702561205,179.549236457449,813.02290929835,814.947908533853,1183.72853768837,601.61429472648,619.287083328624,15209.534368249
1986-01-01,1588.74031897461,319.775981515991,869.262649882347,180.489290719727,810.822071349788,826.537487153813,1183.43488763561,602.761013727881,620.304480274293,15395.3944148732
1986-04-01,1589.2953166681,311.100759444642,869.340961893579,182.108075505862,821.558482855041,827.636347788133,1188.12277013957,603.88491828064,621.482364969761,15631.1107802549
1986-07-01,1595.67992945482,315.48363623141,866.620986357266,183.478766732215,834.278913700517,833.482750256559,1193.62548730168,606.65021980511,624.384138198947,15898.8030750841
1986-10-01,1594.17659517333,309.87423585132,863.774201270479,184.691751016316,839.223123552322,838.01376661194,1200.62430238885,609.889172587092,627.759837647593,16205.3662769506
1987-01-01,1605.3172462091,304.173880959933,870.371377131616,185.565796325031,853.860829270706,842.449341845023,1205.83604961581,612.533553152691,630.57461325927,16403.8963319286
1987-04-01,1617.57516732628,307.714089862468,875.814290408168,184.442238564508,857.212572980259,847.10944576502,1206.99531936827,615.000677853203,633.088433013062,16579.6426993453
1987-07-01,1622.31167356669,303.940289948406,876.375622764916,182.969976582795,864.142264308032,857.313668482843,1211.52537988766,619.435613320284,637.506839759975,16777.8359405009
1987-10-01,1634.60695339441,311.486974139226,874.244521142816,179.765178960686,874.045677716209,864.186162016715,1210.03434962088,620.52822386326,638.583726144147,16884.1063151503
1988-01-01,1622.60296241198,311.606433791987,873.775671344647,176.88783256972,868.318993187427,865.271876969053,1213.6280788361,621.14335156856,639.284817030674,17045.8804573693
1988-04-01,1629.79047418852,315.142285513205,876.10080096234,174.384272262019,877.522005706135,874.48011387094,1216.60620510099,622.535242710536,640.771301837583,17186.1871022022
1988-07-01,1638.89813155209,320.503827183694,881.359007347806,172.355687210884,889.335233764903,877.925386095126,1223.48132869888,625.730673085701,644.108264944547,17373.8142596386
1988-10-01,1635.50484836086,328.123830030226,882.894700088446,169.865881413446,897.971364416436,884.934553244732,1228.26103655952,626.955361006084,645.365708178341,17487.8265791672
1989-01-01,1647.18100374073,330.668311043533,884.578786055628,167.801016344632,929.810886883132,893.116453257985,1233.0099351615,632.646006444523,651.199593868907,17684.9656957258
1989-04-01,1641.89382263293,334.971423482396,886.819048903188,166.706946839373,942.538873099666,904.852654633021,1246.11312354096,640.007318533443,658.72546069879,17936.0943110678
1989-07-01,1656.89774787163,342.919375927451,900.013650537126,165.777668110763,955.375771766678,919.64046793001,1258.04906423568,647.48677412069,666.400376726919,18167.3888237736
1989-10-01,1664.0317029187,344.320824131612,912.497367242538,164.767617214294,960.563191060124,927.957113257872,1268.36004346558,653.677440735983,672.8665584525,18355.1363440727
1990-01-01,1688.93869468915,352.859724702693,922.241347350388,163.274489093621,947.66509004642,929.036230783081,1280.95990519619,657.82906418628,676.800248215545,18491.4722544773
1990-04-01,1705.21589442971,358.079377435826,930.284090348035,162.065435097172,956.431831118743,937.258263522272,1292.04147798602,661.956721485365,681.226289902234,18653.2729605271
1990-07-01,1718.87042391037,359.684346059316,937.831698593803,162.960062967178,957.78066265454,945.6975059104,1308.01755692433,667.395700102252,687.219076661278,18921.2979158604
1990-10-01,1729.02254366292,358.30817531985,942.23057239084,163.89702477084,980.720313964876,947.607096648249,1316.83301514295,670.642318063624,690.108146643927,19146.7220649094
1991-01-01,1716.56870322307,354.043536435027,943.347103526248,165.567538822712,998.699803023645,959.069865536811,1318.76545492169,671.971508522566,693.332722286809,19351.511253338
1991-04-01,1734.19909826767,360.474999782291,947.246085858832,165.304241021941,1003.87880114293,954.493380922311,1322.88994458209,677.668408921974,697.52428948867,19530.9036092053
1991-07-01,1740.27124823631,360.71627597406,949.959859351766,162.078407065371,1018.5538200582,957.385180416251,1332.8912187594,682.987743892918,701.030838869488,19726.8391663437
1991-10-01,1750.09630801824,361.738049894502,952.906341078691,157.650308732069,1012.80739907735,957.89395052063,1342.9786993068,688.676897785995,704.014074439678,19880.4450694829
1992-01-01,1779.71737354534,367.031144982191,963.885425235447,153.360116076671,1024.25311872114,960.141082505801,1368.23540530328,702.471773703777,712.813084932786,20121.3217231704
1992-04-01,1778.12701542315,354.317414593864,968.00037793644,152.105696900453,1020.71142161519,969.737379862891,1385.52075605607,705.659576226805,711.361354313512,20337.2642308046
1992-07-01,1793.91728082239,353.769969333962,976.237855459479,154.706113688825,1022.8343831225,969.058915362493,1398.65825770635,715.463025860884,715.131749325367,20583.7470449402
1992-10-01,1799.11252452649,338.480485551655,972.071855616145,157.821734653702,1010.92237385324,968.343961879102,1405.1110946069,719.481558871173,712.976296927375,20826.6670302332
1993-01-01,1772.0022112367,331.270339061468,956.297603054509,161.100425085802,1005.05927571583,960.57598984098,1405.84506720178,718.574486638064,704.373316634692,21091.9418511896
1993-04-01,1775.8358360677,324.75684248207,952.766361229576,161.336866323583,998.509961244657,956.735932166121,1408.02182586242,724.516508354641,703.438923824835,21423.4619607487
1993-07-01,1767.81691119528,320.862523322795,951.884503662145,158.598706146023,990.159742164942,960.09307615567,1411.84299041288,726.889478320971,698.643167194673,21801.1700637509
1993-10-01,1752.43527419276,320.255230813963,950.605068286792,155.253835085833,982.048182367049,961.071151670817,1415.08602264083,730.479272485318,696.034665641814,22154.8893063011
1994-01-01,1772.57778915239,315.91390237425,951.473863301835,152.347731319401,971.083724155913,982.976800220022,1418.20476685028,739.629918151282,696.884690150429,22451.2107671166
1994-04-01,1754.4940084742,315.701399941092,947.201999511426,151.718653563799,969.512757150607,984.863603069815,1422.2784742704,743.375404327709,695.783615950445,22751.0092359865
1994-07-01,1751.60223792541,308.401781657381,938.906102884213,151.88559686746,968.155086652566,987.287225113411,1425.22296166276,750.02910513461,697.818441343004,23073.6883462091
1994-10-01,1749.59532514067,312.191963022671,934.177878994161,151.453093238609,974.63613662243,993.801619401655,1426.82331352992,755.414943772121,699.244092007268,23389.6316024058
1995-01-01,1747.84853224791,310.571196768188,940.755816399588,150.969889568806,973.998425648013,985.101421472509,1429.46597193154,758.525013013117,701.35713077266,23914.2670062529
1995-04-01,1756.35584375128,303.380549683965,940.507111201139,147.886280758972,984.63952356587,988.458993499018,1433.20472713581,761.82020241568,702.597486810597,24354.7879364271
1995-07-01,1765.96203473661,301.079086968033,942.566601862991,145.807604869926,988.225621940136,993.844375718,1439.09942533988,763.591093098743,703.519943420516,24794.5595332674
1995-10-01,1781.2338420879,295.33858271149,951.607455732912,144.94293213236,1007.90476443548,994.373773643416,1448.41580477652,764.237262544306,704.299963178578,25214.9840250711
1996-01-01,1794.62924976926,295.217315032677,962.649543649511,145.194314234567,1031.4910341512,1011.92281281935,1471.26357930504,769.396141408209,734.524296092659,25632.1576875082
1996-04-01,1809.9320769464,301.846344055844,973.82667401957,145.794758143345,1031.42934210024,1018.81522010484,1483.09167003164,772.295242252928,738.859906363023,25974.609852433
1996-07-01,1816.53777429336,302.075908388378,978.129786905126,144.213577114775,1053.87117991411,1023.71805890709,1490.87637096418,773.115488840186,741.818099669665,26225.2476930038
1996-10-01,1812.34054591797,301.146189951315,970.317491019932,141.291609513022,1036.6704325089,1028.82990704107,1492.29471666663,774.300606915185,744.63230550278,26433.5169762491
1997-01-01,1803.06417721122,290.551075977492,964.580036189183,137.335043761827,1040.71625554579,1027.85441008774,1491.03490248594,771.416586003232,747.526912813056,26484.1042648141
1997-04-01,1800.74684463259,288.079194333032,964.397748683578,135.256813529261,1067.26605551909,1038.04648835681,1488.27422150229,768.598843069835,746.479281140007,26498.9275629673
1997-07-01,1791.93085944905,285.350878753005,967.50473774017,135.716725445048,1048.59116051522,1050.89066820069,1484.0656750263,765.403445013647,745.544786225534,26486.7697747452
1997-10-01,1782.75449169356,285.34988478464,970.070769834832,137.166409910504,1078.92841391957,1072.95221999294,1481.95758346438,760.235698637911,742.53103309045,26444.4487051177
1998-01-01,1792.98572811832,291.604907674046,965.217182000886,140.612857586009,1091.49612283835,1094.6600519563,1477.27558063204,711.498659916967,741.254353668455,26543.3397139615
1998-04-01,1790.68529254549,293.149464595503,956.273540782752,141.728015155172,1089.48613997197,1115.70617810802,1476.5635559779,709.663356405692,740.39504561995,26570.7546652743
1998-07-01,1804.76303387305,297.430927526043,958.135370692195,143.358332025805,1128.53350981686,1137.85808587433,1485.30669091757,711.676735362836,742.790730326138,26718.2651521185
1998-10-01,1819.56361789192,297.798260248182,965.45910326701,145.260088598463,1146.30349908011,1151.44287448753,1493.76017396021,714.910191131928,746.987062534147,26818.3770294057
1999-01-01,1840.84622974822,307.792096492653,979.042888761216,146.304870513188,1157.90737932742,1167.8288711605,1513.65847045642,721.42735998842,754.174069172313,26996.2685285719
1999-04-01,1857.98591291176,314.629895011355,989.45400176015,147.701829614713,1183.75061309445,1183.75595414288,1524.17663496272,725.348165882433,760.156924061547,27149.0853722437
1999-07-01,1876.80340502939,316.695099772113,995.890542383757,146.83115397467,1202.82304269879,1196.20937054707,1531.96627838289,730.965042330851,768.199316525736,27228.8605450579
1999-10-01,1889.49423273192,318.736453841519,996.12459746632,145.271899915327,1218.69867155432,1209.69553098784,1536.63254289521,733.385543879564,773.226427021002,27272.6594688204
2000-01-01,1911.99285208642,324.383903915866,1001.08181214594,144.670303231409,1247.55423301729,1212.00231770794,1530.10826398812,734.937081714585,778.953714628281,27320.9704958457
2000-04-01,1916.11910012775,322.401817665369,1009.80916585734,144.393896612317,1244.53544861264,1216.86202226622,1534.34056108631,737.58737575766,785.064702498027,27268.191301575
2000-07-01,1931.2984376178,327.197884396445,1015.46548804578,145.190020859516,1241.29382403389,1217.38248926117,1539.07070875464,737.972179150372,789.410999151527,27285.1328145052
2000-10-01,1933.04320623932,332.082960661381,1016.36678390499,145.138885122931,1230.77955962785,1208.1983339865,1540.75015056899,738.401498385406,793.198959805986,27160.563231457
2001-01-01,1940.73706431254,330.00093519674,1015.55920622819,144.375906220565,1222.67159105919,1210.96767835904,1548.64876018686,733.79548361536,793.15934852274,26962.1882027119
2001-04-01,1961.0141031078,334.23708718477,1022.05319828957,145.387807322869,1229.02176285666,1211.51502268873,1556.46170027186,736.152672500779,798.223103357216,27057.8853539378
2001-07-01,1966.31973695619,331.263727541188,1024.61541596489,145.653995248764,1210.18493785294,1201.86586496826,1558.51572756889,732.653402803115,796.888147821785,26991.1518114371
2001-10-01,1994.32270882803,335.07583402088,1030.35272959262,145.618359388216,1190.61138263089,1208.14774907153,1564.0724471573,731.457177977184,797.763000881845,27093.3966570514
2002-01-01,1993.10168012074,336.14961460025,1035.85453093238,145.177110933923,1184.57264321007,1211.27716438981,1575.46744845601,732.554825359607,798.952936045064,27143.1457265225
2002-04-01,2021.53552075515,331.876879076453,1041.70058036875,143.857070263625,1173.46028504393,1218.76588392149,1590.70502505923,734.119667948556,802.023510770823,27255.4563430339
2002-07-01,2024.50250576674,338.199196169708,1043.94790586758,142.591243056044,1173.30533560121,1238.10398042075,1600.00123367918,737.195125937163,806.020080307884,27299.6864084905
2002-10-01,2034.80212254218,337.197310312852,1047.48678274764,141.932887523704,1170.56834490616,1227.8224271565,1611.10802464011,738.706414464113,808.130467874414,27423.6596230803
2003-01-01,2042.88451050247,334.912372745126,1046.70266442298,141.338379259661,1153.15820515937,1233.04892274897,1611.3582451073,740.703884922032,811.19398559995,27548.4468488849
2003-04-01,2040.32119860028,338.865501942466,1047.53380110684,140.228970732877,1139.98207321396,1230.23311688283,1621.36052817458,743.049661266823,813.87165525353,27691.5300711548
2003-07-01,2064.21316011466,338.307120692817,1069.26782565442,137.516891060179,1145.28674781114,1225.06080856743,1624.23266133882,741.475211300861,812.180869034427,27857.9695682527
2003-10-01,2062.96972218026,340.251445805981,1058.63240739771,136.180313793521,1152.73020766885,1250.68640498886,1633.09737559328,744.334492464024,815.605842246768,28111.3815971822
2004-01-01,2073.02694440212,334.066601925022,1064.28837552217,133.360355379044,1147.03564312432,1249.3796066162,1638.47681951145,746.319156484548,816.434066624133,28312.2452502568
2004-04-01,2078.38497827199,332.696771217719,1064.14738702481,138.110516208375,1177.86909106332,1255.57366833619,1636.25716541139,744.45670496324,814.594411321757,28489.066452955
2004-07-01,2078.27244789167,331.893800455688,1060.55919775571,131.183005240018,1159.1790139049,1269.74822315062,1641.47923201284,747.537760835477,817.992155714234,28692.3906939308
2004-10-01,2079.00517967883,332.759999531383,1062.45398142306,130.084723288417,1171.14283055584,1275.77547052119,1642.43503621976,747.261318407033,817.720630656811,28717.5608445946
2005-01-01,2098.05691390134,336.904830455682,1067.31503400658,129.526268710679,1190.09004900093,1278.15688081613,1645.93302596415,746.342857728421,818.143704425727,28905.4050762116
2005-04-01,2104.63039843069,344.079179817011,1065.87769649254,128.547712272756,1182.7751712812,1300.37957614958,1647.41892033907,749.35417744919,821.88548734045,29077.1476584663
2005-07-01,2112.11261361329,344.756987712883,1070.64437244832,127.617112000488,1219.88666441635,1308.10144239494,1648.7471487462,750.06059430371,823.310871357076,29147.5523754261
2005-10-01,2130.42318311294,340.996164251493,1097.9872016712,126.435959999883,1228.49118441894,1311.14052598948,1648.43096794035,752.857946466372,827.656881519917,29312.3679445543
2006-01-01,2131.15447319275,346.49326044494,1077.0141279288,127.489166491364,1269.64287726971,1334.06928209282,1668.15701139149,758.071088052641,832.946442939617,29355.6884650592
2006-04-01,2147.71646623335,350.954486830335,1086.33595861551,128.430730416796,1281.5254139652,1336.60620098523,1651.0230686378,758.638723681204,835.79640564442,29308.2561180667
2006-07-01,2153.70927793133,355.975494769534,1089.8666459524,130.228452911057,1297.1592165314,1344.51213575522,1655.74616049003,762.66738717209,842.609039099616,29397.5201675264
2006-10-01,2167.79623056642,362.183842788495,1086.92802810234,130.570844293704,1332.45064475533,1352.41257070971,1658.56598825066,760.697993201611,843.476130459479,29341.4769106626
2007-01-01,2152.24204403719,363.381391006246,1084.90249694458,129.323757343685,1330.51461804959,1387.84447277827,1658.75604626692,756.059855061653,843.490548419286,29244.1526783405
2007-04-01,2152.31406514504,357.511670671926,1087.36776809701,128.843263994236,1380.27036821308,1395.9738242375,1668.4522274535,755.852164051428,847.646201459158,29302.1837437332
2007-07-01,2164.93461557961,363.559566390216,1093.78823679798,128.364292668558,1399.75035291007,1404.86430118476,1646.80214079482,752.177572284777,848.846080719523,29244.683868768
2007-10-01,2169.49981214089,364.346490332754,1102.7269421561,129.090154346917,1409.11613828252,1413.6597864267,1676.89946314483,750.213874121518,850.150887341718,29130.665762179
2008-01-01,2191.95040081451,366.512020938081,1108.22420210415,129.740740299504,1416.9163286301,1376.57155813541,1681.30190794972,770.576688214503,855.046386989759,29162.5676453331
2008-04-01,2214.26004050877,373.391957427528,1114.0203064439,130.421545511052,1384.41382871982,1367.95252453216,1688.34165933303,769.503640145135,855.152464430297,29250.6521729234
2008-07-01,2225.4920442032,372.382753141401,1122.51193338769,132.743341330244,1375.07761103407,1347.87380457351,1704.48675192028,768.259352499818,854.701522082854,29638.045606414
2008-10-01,2242.40874308199,375.136380007212,1129.36634568572,134.478700111846,1335.6343229987,1315.39895779648,1726.23585727985,765.123694721952,852.278760331647,30985.0497716898
2009-01-01,2262.70074524592,384.484733812377,1134.96809065602,136.965627602145,1297.88437592458,1294.74718206215,1751.06026057909,763.719606261663,844.413186147045,31750.3007725958
2009-04-01,2284.53376122677,389.635406996096,1145.29739153413,155.996615296944,1207.49700703901,1282.74333528726,1792.05833933939,761.973095990174,842.350794507147,32624.9653930435
2009-07-01,2307.63468215761,389.126070981345,1155.42139919699,156.821731297857,1210.17964697992,1285.53632667737,1813.26388921832,764.500176162221,843.444426970228,33418.1033208884
2009-10-01,2313.95814499681,388.322405257511,1158.52705497513,156.335404861092,1216.68615193199,1306.71197644335,1821.4460362508,765.063406929171,842.325226956701,34063.0750435254
2010-01-01,2313.89950915713,379.104493147324,1156.87426651699,155.818893434155,1233.65201360224,1310.98236533079,1830.64146577892,765.694524776506,844.919114788139,34554.2921900109
2010-04-01,2321.22190735263,373.247629507215,1158.036815737,155.344194077974,1250.20001103194,1338.76985237389,1827.31692240079,772.765402810643,851.565503009136,35113.6425985587
2010-07-01,2313.91404509632,369.314001953601,1152.39954677762,153.194588062467,1247.23149241472,1351.55112236032,1826.44569482133,773.186816135995,851.713120419095,35480.7566899331
2010-10-01,2314.70259624372,362.423993891037,1151.55976238088,151.652393507137,1274.40179972468,1352.50830701643,1829.45157205937,778.372278931376,856.689085097459,36910.6672155532
2011-01-01,2314.06777286532,356.509503896182,1152.88073092047,150.571399563371,1290.98449187722,1379.15888476897,1829.01429298801,785.40027188721,862.491898078247,37321.854192203
2011-04-01,2315.68317971026,352.039136980368,1152.56408233234,149.555023160558,1291.22618932055,1377.39378086254,1831.05527782868,787.823316089291,863.3636183441,37639.7467273616
2011-07-01,2313.63444225349,342.756520600086,1148.46640051422,149.254676907899,1310.87822655275,1378.42904055046,1833.27704130307,793.139145948036,866.840892978604,37990.3219349834
2011-10-01,2317.8440436795,337.28215861395,1143.15328017874,149.259863284313,1310.38851688379,1386.17719359319,1840.46228248881,794.375398554174,865.544308911157,38312.6001972885
2012-01-01,2308.0741149595,328.173657621166,1139.70970069003,148.455698220439,1335.86575373897,1391.34025984888,1847.37957471969,796.905792372816,865.238411773152,38492.8450629036
2012-04-01,2303.38463804317,320.462190898316,1137.24025517655,148.537348654721,1340.02533839696,1389.74679177444,1854.69377641487,799.914142146517,865.310540254089,38902.7016529306
2012-07-01,2299.42174385778,315.490469283226,1133.13147756628,147.594617003122,1355.3676762954,1406.16221464157,1858.87040841332,801.096899936054,862.954361992993,39186.6769030924
2012-10-01,2288.47223123678,336.924205839315,1114.42785001381,147.525795875037,1371.98146009715,1409.38060575552,1867.68046166003,806.868534279038,866.676554834298,39568.6175808305
2013-01-01,2296.94842809493,313.164195997259,1128.51630406901,147.615855899497,1362.39464265328,1396.4956567023,1870.41483134602,806.361828885366,860.869911039563,39873.790477512
2013-04-01,2294.99602017325,313.058709567972,1126.59928752258,148.54307484883,1382.72621087049,1414.6398475554,1876.51901374932,809.86115327251,863.629114784727,40102.7741264568
2013-07-01,2305.85255925688,313.330695716824,1130.31486287574,152.549950536722,1384.91563319494,1413.00236517472,1880.02263705976,813.739985787468,867.228824618976,40341.9265601422
2013-10-01,2315.35605143537,307.530437177439,1134.06865285616,156.338960442138,1389.90297745075,1415.80371714598,1885.35570771724,814.555697683825,867.596556625219,40555.5623917598
2014-01-01,2310.73995378804,305.099723988651,1130.94423890528,159.620820909834,1385.9660352636,1435.35442982067,1884.13816475275,814.814960048942,872.215656127804,40573.5827250433
2014-04-01,2319.89818620828,300.725272090269,1134.08032776369,164.699693940732,1395.27055884468,1434.3816208308,1893.01722692778,817.563404663512,875.671592488485,40845.571845505
2014-07-01,2325.80534789403,297.603976462166,1136.34883807176,167.030249797,1399.38365524231,1442.4942955418,1905.71128360161,818.302149748908,878.078410539796,40970.5311965872
2014-10-01,2328.30958425896,300.685849379113,1136.47813986567,170.476943309062,1402.49089431051,1459.44686190477,1911.67433933356,822.20795069392,882.890477420294,41110.4358836033
2015-01-01,2324.3661854966,305.239782985816,1134.04079559904,172.119850748197,1419.71650554392,1452.39721821816,1909.33840066818,820.134102382543,881.370690657654,41024.0640508305
2015-04-01,2326.69326615907,301.484302220445,1132.84498109894,172.678743247978,1420.58755272273,1461.25290365582,1909.2155436061,822.128278552696,882.448788578506,40936.8663403649
2015-07-01,2333.68036010776,305.482338981738,1131.97525146249,173.267426045315,1424.02211782028,1467.82936037462,1912.9320719159,827.960474168683,886.659051056419,41093.724804554
2015-10-01,2343.42461900635,319.356765359737,1133.89854538301,173.025658642511,1432.87139204653,1469.02829988395,1919.19668810966,832.61537095003,890.232572682501,41142.6665640561
2016-01-01,2349.83050383365,296.876026282928,1138.04640030828,173.040969729274,1433.68480855816,1469.51916700289,1923.68346460608,840.30042866422,892.454003527969,41354.0971247534
2016-04-01,2368.10330194579,300.427433254649,1147.4774936403,172.463896312362,1445.85407427375,1481.23657836276,1934.49057042888,845.775044560627,897.343763954206,41513.0874846095
2016-07-01,2371.71209513619,299.222673566032,1149.32187397768,171.471692527671,1462.59862968382,1487.94997452971,1939.22025106568,849.097783700676,899.477901060306,41461.6936224082
2016-10-01,2382.70370620612,301.293414751234,1150.96737282994,170.222379635001,1483.33843878955,1499.15269695355,1946.48433142967,855.041552069884,906.134746634405,41602.6009304386
2017-01-01,2396.81693567188,303.582281803117,1156.08460778644,169.43682968943,1492.78400553293,1516.54791956494,1953.62579465029,859.844329371482,912.429935684235,41536.0176658179
2017-04-01,2397.37881964778,300.994818986931,1159.23198798209,169.349015598001,1517.87981212914,1519.63748603654,1954.87371000427,860.435371857706,916.628537757592,41501.9337153121
2017-07-01,2412.36238393191,323.686985096089,1165.25198828652,170.634545593239,1527.22344238022,1531.07780651376,1960.82773898146,867.09380181945,928.877750170427,41515.3995836935
2017-10-01,2421.91167831142,310.348683990536,1169.18778933375,172.339586475727,1544.12542359118,1545.41332541203,1966.30589479283,867.866231185008,933.311179289304,41447.0070084998
2018-01-01,2427.39877580536,313.940670706696,1171.78344135895,174.139964882189,1571.57251539982,1544.8339892566,1969.44902076966,863.929115263898,941.501148733009,41333.0488427843
2018-04-01,2438.60888687078,322.925624714763,1175.9522200062,175.497961020481,1559.64313944069,1560.9218079516,1972.74719415026,868.646873043765,948.937885087271,41277.9654771378
2018-07-01,2448.45520705993,324.541131430947,1182.52633870454,176.516242094206,1583.41205002861,1567.56482119925,1986.84021297749,866.615015249548,949.557483301374,41306.1161723856
2018-10-01,2459.35477397617,331.581928219368,1188.35440209141,176.647899280044,1566.02455359691,1568.74706837875,1997.63413155631,867.7112428717,952.661536607319,41316.0814223092
2019-01-01,2475.21099636623,334.442168249674,1193.12964034958,179.177319709806,1574.48965318469,1583.85907394224,2004.47637649518,873.779082583697,953.337390401541,41277.4216885497
2019-04-01,2488.19203445047,342.989440628426,1198.54673873544,184.904433135492,1602.38584330531,1586.95445350827,2024.50646736691,874.041420226146,952.166197369524,41291.9911296663
2019-07-01,2504.41585239436,340.645795004741,1201.91728075337,190.905763665397,1567.38898572414,1598.69671672203,2034.66379370614,875.665324505346,950.330240337206,41244.4262753607
2019-10-01,2500.8045185971,336.573233738943,1203.63650339306,175.906393912279,1599.75347813211,1594.62278526229,2056.93202760621,873.235717835261,945.284301105448,41137.9675106569
2020-01-01,2515.87614554501,345.033030426427,1206.29924596367,201.084025974564,1588.9989868684,1470.50718245402,2100.50813787884,868.614652049449,935.915510485607,41339.5987692766
2020-04-01,2503.43491202301,338.08977249206,1200.32744954176,415.948877587624,1408.31497775285,1330.10867640774,2286.50405073256,814.816710126045,877.398909944944,43401.5681588748
2020-07-01,2600.23069609446,348.148503780039,1226.92856487851,284.84929245155,1487.40328963071,1485.02539092187,2187.71587978581,873.055012203642,940.037415566685,44597.7379794722
2020-10-01,2621.57291645047,350.645909776935,1231.70347795647,314.192498540635,1507.76040955466,1512.48757267766,2193.13202592285,869.956462963347,936.739692905353,44813.9333182155
2021-01-01,2618.29509204362,353.674797313536,1231.47746522678,399.205220934718,1561.85201396809,1523.1697454988,2193.2093475483,869.95327926396,941.657537714934,45098.4869954107
2021-04-01,2664.87088545745,361.02505626046,1238.12250510889,393.609739775245,1566.15007606297,1573.37368697898,2198.36717377965,880.45779370299,953.21932180972,45622.0580439975
2021-07-01,2672.02027977547,368.741998087207,1236.66180564626,290.330728048015,1598.83173720087,1613.82774468642,2115.05951006547,882.222462197973,958.818134054286,45737.4252281418
2021-10-01,2682.51748101361,371.212446666711,1235.34998651777,287.684679778492,1726.92492954255,1626.31587335718,2110.08027978342,887.281769120061,966.078955352855,45756.4700892809
2022-01-01,2688.18404739101,369.945994607004,1231.46381892908,252.63792919691,1708.4332487095,1636.91674097078,2093.57314888567,888.279516634008,966.926031274305,45540.6734102457
2022-04-01,2675.75070749843,369.069750081043,1229.02566008285,287.854720261175,1739.15354020943,1634.98991448289,2098.84836942679,888.473249221834,972.115592426506,45416.2412796475
2022-07-01,2682.59378667797,373.922548858024,1231.41552620229,325.777860135325,1720.54569814554,1622.32560129176,2122.92945873451,898.1358304695,974.884625251573,45268.0171403526
2022-10-01,2710.75039124974,378.56349086109,1258.28301714054,281.636527911514,1708.53453001497,1601.21036668586,2082.9063542801,892.95267805366,967.137115096866,44818.6789879912
2023-01-01,2623.97211146474,375.174325683884,1212.36987737896,273.967602221509,1697.08042785622,1576.4452107489,2106.88594831476,888.81818414078,959.151741350009,44254.4707003216
2023-04-01,2631.0621192347,384.150787700354,1219.19682158626,266.996928544042,1702.29759211409,1569.78876863228,2108.59932975223,895.898248624215,958.910914621364,44253.9207505631
2023-07-01,2636.52338397978,388.320593748204,1227.012446846,261.957769974716,1721.06787270525,1573.76167920705,2104.78596322118,899.338884772889,964.505996972543,44446.9253353951
2023-10-01,NA,NA,NA,NA,NA,NA,NA,NA,962.760424433088,NA
