"period","debt","dirtax","indirtax","intpay","pubcons","pubinves","salaries","sce","scr","subs","tfs","totexp","totrev","unemp"
1980-01-01,697190.368815329,40071.7395715784,53044.3368755168,11589.5910746505,101513.615648493,23205.407200024,56265.1751355979,37066.546554375,38137.5169329202,9620.1954471953,68745.1808550888,224019.329639484,202563.892261837,8411.90630805119
1980-04-01,715835.570443311,49070.4822759248,53962.3212500396,12427.0245796609,105604.430235761,23790.3620990865,58255.9169276803,38655.7749007003,39777.4880465597,11589.7309904638,74866.0736769118,249008.957411948,209179.701988755,8551.62563432921
1980-07-01,736096.403193089,50354.8699055155,55119.4566090926,13214.3675848796,108854.962315573,24181.3282000301,60122.5603398307,40083.7860898827,41263.6879267746,11815.5730681916,77808.9452967583,256114.854266498,214990.695109268,8612.60911732176
1980-10-01,733812.744731344,51653.8301428855,56326.7005967116,14313.0746511713,111852.88975198,24597.8397552876,61937.6665562433,41663.2672034858,42893.8900958038,12042.3523349516,81614.0313440178,264916.617954857,220438.228681137,8542.553565099
1981-01-01,788025.058992338,44329.8089332847,57056.1599514464,15543.7195186855,115479.392681972,24949.8904926242,63883.6986918675,41209.4614475978,42403.5875603371,12278.2796936227,83051.2504764713,271470.959311371,225180.300049541,8455.88004128023
1981-04-01,822224.563285246,54325.26436735,58391.0563828122,16472.1797816296,117956.762484558,25486.2697737342,65446.2399375533,42611.2568320242,43860.0754975459,12477.7400034031,85507.8400614435,279648.758439095,230831.901168517,8552.62172621211
1981-07-01,859167.518919739,56008.1953898785,59668.810995656,17390.6119532166,121491.799592634,26480.1210789063,67157.8455874679,44109.5072785676,45406.3630289127,12629.0708317849,88251.4454188383,288629.431208319,237924.833340783,9128.19343151646
1981-10-01,883468.678445257,57503.7087261096,61463.9215440631,18473.5122742892,125103.274201746,27618.3490799428,69106.7664383106,45781.577842516,47123.4605086241,12903.2899070256,91479.3974298677,297574.117612129,245848.663891598,9790.28881147451
1982-01-01,942180.646617094,58654.7122480937,63094.5164391134,19860.7371412186,128236.797539202,28191.3858593837,70933.4556918092,47084.1605252369,48457.9965061185,13270.7758925579,94339.9767951288,307089.002906067,253624.626506765,10150.0652476664
1982-04-01,986339.519483561,60716.6986481102,64883.3958774949,20744.8175607121,130950.580624628,28119.2426318661,72526.4789896427,48527.1552778184,49944.739200888,13682.6785638373,97362.4092369179,316004.220332365,260997.967014004,10845.8986578971
1982-07-01,1031689.33907952,62217.0376758441,66923.5582437596,21881.2368571876,133201.397289421,28592.3753789245,73774.2451249586,49833.4056337491,51289.4355097853,14148.1490228003,100014.033005104,323706.722253279,268361.927082726,11276.0433462809
1982-10-01,1074060.70398082,64026.0446783035,68330.9394551403,22849.1627484496,135834.958533395,27957.3239308475,75065.427944092,50721.1816689963,52210.4993869905,14564.593373534,102264.51636458,330378.748422818,274591.237470302,11415.825035136
1983-01-01,1116711.94294333,65060.7631869319,70498.5697968788,23575.1163142948,138042.76904602,28320.4352532816,76142.0751147447,52003.6921256874,53527.3046806588,14867.9407595342,104535.314451897,336404.354529547,282159.894333367,12262.065764805
1983-04-01,1156626.03382653,67229.8453519995,71754.5370562929,24848.9850389047,140919.455982944,28701.136485895,77471.8344183391,52931.004732796,54480.7644895316,15216.4701854023,106381.912772772,342851.289522122,286501.306966263,11512.2052633827
1983-07-01,1198438.2546067,69212.0964203699,73098.5310933976,26313.905929969,144093.397212178,28393.5783366955,79313.7489598563,53881.3938699078,55458.5848792574,15691.5111793528,108189.181253928,349949.78019444,292178.958387858,11045.398727951
1983-10-01,1240625.20084711,70859.376844016,75229.2861323097,27094.4460155952,146317.977925168,28725.3341715484,80578.2851737775,55074.2744956836,56686.9973280112,16267.1295120306,109917.024312986,357265.194222601,298983.352060435,11088.3185623268
1984-01-01,1292905.00724513,73291.434308355,76475.5946496548,27617.4972404572,148967.436612621,28694.4028887174,81823.930467601,55964.4742494422,57604.8029436063,17061.0156040859,111715.621988275,365676.926119128,304360.694309742,11228.5286407193
1984-04-01,1344858.3934097,75333.6250452675,79021.8495131169,29358.6565025077,151836.004402286,29910.7263888283,83382.2961584585,57077.5849453377,58748.3862777705,17720.7589449016,113478.368740785,372945.901720788,312791.395414927,11229.3121983123
1984-07-01,1396958.40135223,78024.4634157602,81348.0421979906,29499.9449683529,154345.619779867,29595.4482219682,84607.4137777085,58263.6596374644,59963.5311217022,18134.8867872939,115352.759411082,380589.292753028,320389.831290152,11386.4792203415
1984-10-01,1451072.60239101,79962.989627283,82438.0199226063,30773.2144394875,157678.348393622,30401.2192384839,85886.5607576685,59198.5409372187,60928.9438594901,18349.1171107121,117251.474233938,387856.925057985,326654.294147847,11438.500104985
1985-01-01,1490920.43994352,82808.8949606596,83746.1736048896,30915.6546707125,160419.753314713,31613.700881694,87113.8389728012,60358.9156428014,62125.9716548696,18388.6046931935,119248.510372396,395194.671017114,334570.563340471,11761.8049502588
1985-04-01,1532863.70093241,83629.86372842,84546.6730871926,31830.3285144642,162864.633775804,31943.8991710918,88320.2413592768,61522.2989620967,63326.1763294963,18480.1247406155,121397.999214108,402915.26470023,339405.79426225,11866.6295653396
1985-07-01,1574961.14150989,84433.8610007746,85190.6437233673,33126.5285413137,165792.21740078,33117.9338159864,90093.5399208711,62643.8883845935,64486.0735700246,18720.253305115,123538.786513987,410097.869263523,345010.197090416,11932.8391578121
1985-10-01,1616361.12268745,86402.2915249432,86606.8667505968,34143.0145777918,168783.506370941,33822.2105455856,92301.0524035995,63935.2877809933,65813.4260417945,19081.215663241,125798.24877015,417454.562176573,352235.104922628,11966.8231000503
1986-01-01,1668999.10904235,87900.3991847918,89604.0914883685,35803.9457410967,172233.728179553,34666.5901412521,94235.8830882461,65344.7107470927,67246.5801793685,19566.6611250889,128294.977046207,426376.944023361,358628.261744361,12255.6708501114
1986-04-01,1720461.39213267,90426.0529531054,91095.0221716712,35504.6994830634,174928.146275996,34241.7665137251,95685.3023795786,66467.4892142304,68404.3782846469,20043.995433721,130772.494922175,434307.808500948,368498.916980443,12377.5009948282
1986-07-01,1771723.77227118,92970.0039133269,92881.2814042417,41281.5384495575,177818.672927751,35156.7256625566,96574.1254751748,67603.6183860064,69579.8429260233,20446.4255070814,133014.708154687,441709.57732972,375700.432158308,12411.8647678442
1986-10-01,1824081.03020699,94463.2138281357,94327.0882376368,35903.0727605201,179441.009623562,34879.5396355978,97226.6907142166,68649.3135195021,70660.8410948095,20788.9605027778,135142.642070852,448550.161767213,380686.069434567,12513.8991664046
1987-01-01,1863872.38638398,97018.8782767982,95722.2621637776,37671.2311974568,182402.182143231,34561.380168989,98894.8688109571,69598.3656780851,71648.2587689294,21084.6835793747,137011.626378708,453603.038097379,388265.13634848,12311.6470977234
1987-04-01,1904157.94098701,98450.1389778877,97289.8033624248,37833.9951568769,185777.139825176,35340.7029566654,100586.530491183,70632.3076849426,72709.6710664608,21183.0350982109,138622.391554916,458937.352628846,389749.41476149,12095.2478529268
1987-07-01,1943140.47073582,100081.429583945,99290.5694901118,39381.6822688411,187889.515682108,35201.1236836718,101498.247223293,71740.5041702756,73833.4398489485,21190.8357960138,140313.923996626,464715.308270226,396077.445034531,12185.5680119024
1987-10-01,1981425.56877222,102573.178690999,101416.12032273,38679.4582431717,191828.454043924,36554.3928342326,102596.513858541,72821.7689439802,74940.6630807858,21096.2496515437,142002.955600918,469088.820032934,401568.528936825,12331.1653596058
1988-01-01,2022255.35055176,103013.906166393,102652.408437263,38287.1142666224,192499.151379428,36967.7459359263,103661.264724801,73689.9727362649,75842.2039272181,20985.2677751811,143980.000454898,475511.355298557,403984.26675353,12765.7082397028
1988-04-01,2064106.1644329,105392.695344941,105027.356154158,39772.1088328042,195742.112226596,37849.4153667119,105222.004926226,74768.1160698461,76958.3146191378,20944.008651579,146117.597388107,482223.329697195,414549.076572478,13234.7544415928
1988-07-01,2107933.28528473,107901.42642336,106517.090357386,39787.3702108497,198844.52953519,38886.1464319412,106933.685379033,75918.7645101719,78148.4843059356,20911.602055282,148442.764389402,489424.719906556,419824.666644936,13549.1189776457
1988-10-01,2152147.55837072,110509.266012386,108904.884747218,42108.0022505505,201274.169215311,40380.7126314968,108653.849264343,77156.5547775999,79422.2327642932,20904.6241555221,151156.519016633,500243.61698073,431216.786113354,13912.1414125369
1989-01-01,2205492.74571935,115956.751129421,111380.586913954,43153.9973164707,205420.005734866,41237.6576688549,110315.854111859,78897.3075678024,81211.1261623976,20926.4711416355,153768.71599224,508353.3404872,444562.300609984,13892.271481227
1989-04-01,2258824.53638392,118700.86631622,113954.763096666,44333.9834507444,206775.788997268,42185.4199262648,111683.658228708,80600.8381477201,82958.1517336839,20994.6343599487,156932.2088604,518848.577730902,453455.984169311,13781.0983447265
1989-07-01,2313732.83158313,121673.197567227,117122.078717098,46477.1677912695,211016.495271468,43672.9695371014,114622.478349544,82461.5701150451,84870.3380308989,21112.8433024583,160220.571701284,529779.836385777,466683.896000723,13335.1842175429
1989-10-01,2372234.43307978,124144.056152307,119930.017147625,48274.2797688298,215060.96328589,44500.3349318722,117931.98558105,84481.8640392237,86961.8829796573,21294.7159686164,163923.999922955,541626.483521326,474761.433298809,12873.8326102833
1990-01-01,2426570.55185577,124358.740552505,121914.141189026,49666.1434977344,221633.455899115,46304.5346047105,121022.472650461,86324.5832101208,88814.1046427965,21425.9341631355,168095.8412224,558918.180973635,484076.081829615,12764.5994227914
1990-04-01,2485472.17599801,127440.621788729,124885.822484795,51462.5274625771,227213.029511944,47712.6095403627,123956.542491314,88203.0202661145,90770.61128593,21594.5550401493,172159.231817666,573945.483152692,495368.151383972,13415.7244463875
1990-07-01,2547278.13682306,128941.140967225,127314.447009177,52487.9541216531,231402.785915048,48422.4747661944,126255.513362282,89848.0898636008,92516.8102617132,21938.4847391282,176091.753332691,590574.401148868,502710.9043888,15042.073298069
1990-10-01,2610765.01527917,133726.821582983,129211.645093738,54139.4155795634,235762.108642982,48857.3681511789,128478.525273674,91445.9141272608,94100.1911402446,22348.296326099,179557.7099435,605645.352133954,517475.117261763,16978.645082567
1991-01-01,2677215.33748545,138166.698982613,132684.032793168,55725.4474405546,237481.403904493,48980.7112980877,130508.842491426,92964.9579000985,95920.2087003207,22905.7022225809,182446.686268667,618058.821620094,528036.389927303,19001.2738939071
1991-04-01,2743439.11353564,141011.41572409,134074.414949186,56500.2722362768,243597.005650234,50634.6881661114,133056.412242178,95189.7595853046,97978.8470986285,23219.7203737758,185821.818052441,631425.480732402,538026.50884619,20560.331889352
1991-07-01,2809174.53246594,145045.814340855,136335.174829943,58710.6929517104,247821.033511992,51367.3258735295,135277.781769968,97259.9695243504,99829.3726845648,23080.5619466647,189808.617321453,645421.667386322,552385.133098909,21775.7014554165
1991-10-01,2876105.38264346,146522.917464204,138578.5850098,61405.3232347218,253186.555635126,52332.6690510349,137857.027201997,99630.9351074313,101849.76552969,22807.2812220748,194288.822627061,658144.358016874,558328.025029614,22562.3948829438
1992-01-01,2935391.0612588,149422.761115056,140069.802069185,64609.583045152,259633.365131086,53544.1934186492,140616.044027348,102479.816867208,103988.454965687,22372.8798773036,199604.480942231,670029.382780015,569379.072871697,23167.021218921
1992-04-01,2997380.67875125,150436.197268656,142923.455823581,67733.2699701535,262066.888638941,52220.6015812151,142667.450101562,104002.699456216,104843.048446998,22417.8961262075,204203.136522212,681921.662637616,579992.876716094,24066.9060464641
1992-07-01,3062144.47526158,152162.123278525,144162.207075396,68697.6416982479,266872.395903101,52628.6469972794,145230.183265942,106435.973348807,106386.690941148,23014.8801521478,208071.623075415,691743.38206877,585966.248189268,24795.5406031016
1992-10-01,3128804.31514782,151871.553955317,145474.97024255,70364.2890754007,270281.894938037,50850.1529433387,146035.01424738,108088.202629713,107110.912715231,23709.666251052,211090.7928612,698167.181578689,592695.530587587,26018.2972908558
1993-01-01,3210984.05887294,153007.690582264,146235.667274112,69319.5779418653,269765.149776749,50431.7613526805,145584.336454694,109393.968463719,107232.018140705,24525.5226132244,214022.309177544,708778.276808049,596447.448110512,27994.124580897
1993-04-01,3293842.31643788,153520.209280753,147097.481480779,69953.9603306717,273033.519727275,49931.1377535551,146487.162721241,111393.907228845,108153.243325888,24805.4305355383,216482.372503145,714256.779078403,599055.142142547,29149.9081968154
1993-07-01,3377173.57451217,153383.5709738,148726.006741088,72153.4812755338,273848.813600661,49704.1411836316,147454.433975565,112600.926032782,108225.349160796,24568.1932566887,218705.639405588,717961.780750938,605689.981914233,29821.2639413793
1993-10-01,3462366.8942318,153474.525110858,150196.234002391,69094.2873580504,273870.647411601,50049.4989410515,148560.594116309,114159.32686499,108776.322473907,24263.0749073898,221149.694297425,724526.546173322,611774.102727115,29915.5015719114
1994-01-01,3531030.87632442,152727.915169406,154598.407555427,68966.174238955,278783.490525657,49685.5940249534,149643.759714521,116325.845636382,109603.058101573,23960.6027847143,223049.209801791,725881.726621961,619971.986768315,28933.7171704342
1994-04-01,3604775.11890551,153614.084904416,156046.343924213,69818.0593051271,277990.144631153,50021.1898165466,150079.06528452,117783.836916044,110243.173869975,24039.0051169926,225352.379009858,730645.999251947,623606.752081075,28106.8678862183
1994-07-01,3684536.29810757,154600.448157433,157655.575606573,70247.1840304855,279705.694583631,49247.3306333948,149929.805962729,119768.864909699,111431.572535718,24253.9461581068,227587.616524499,738754.86294169,623809.632338347,27720.1560584521
1994-10-01,3768443.84360262,157029.474052497,160117.339941826,72854.764913679,281887.797289809,50299.1197584315,150511.001488506,121709.4327356,112659.409882679,24401.5163005349,229884.062441902,745169.451230606,627809.882217489,27313.5653440179
1995-01-01,3879677.48053501,158014.450414688,159815.720044048,75148.3375861238,283558.287116863,50384.8216585228,152621.410249099,123057.604510314,113783.101332768,24492.2614874964,231906.206409914,755835.242797733,631796.425189785,26542.8577237418
1995-04-01,3989568.2035448,161294.220480418,161919.889479855,74699.4898216024,287709.400165205,49696.8972898663,154064.871180574,124794.092410461,115092.794098098,24225.3147511105,234773.877870601,763709.799532053,643655.137509201,26521.6858561597
1995-07-01,4096578.4930949,163275.488872208,164203.824213415,76440.190207382,291773.769218105,49744.5462073655,155731.666227855,126161.178435539,116236.17131867,24090.458128058,237769.247215811,765091.435173773,655344.891876959,26326.6718790808
1995-10-01,4197286.8236902,167775.850386949,165523.481346915,77672.4099432604,296504.226529469,49162.0673052868,158404.599078934,127214.952389455,117237.788151508,24127.2038332955,241103.328345099,766028.378105561,668518.683890798,26421.5987544652
1996-01-01,4279371.38098208,172210.754361794,168943.776709537,79215.9221083438,299619.140322264,49287.4827208517,160717.445531978,128453.166850832,122631.199825476,24240.6589640924,245632.198893175,762823.424249711,677487.145531885,27441.4713113569
1996-04-01,4351884.58807747,172809.58147506,170696.163663753,81516.5853681846,303242.880485163,50572.4805926629,163158.612129358,129393.272172335,123791.389265022,24427.0063955195,248482.799864353,761179.355327621,682152.533130336,27907.8880092712
1996-07-01,4412895.44711233,177333.819154987,172259.984506569,79117.2661814274,305666.942311673,50830.0023097593,164588.892880889,130091.347877146,124824.968402151,24266.6702450763,250868.233034471,761245.980385967,689934.140878566,27946.5992787839
1996-10-01,4466604.3871742,175171.419908236,173846.566863376,79172.6621119893,306240.302443461,50886.1872003614,163959.42947114,130837.470131066,125824.267939026,23874.7542935287,252160.548080268,758483.221226846,690039.346753825,27951.8019893176
1997-01-01,4493391.20214412,176571.773764335,174389.585435568,75811.9609889393,305914.545184223,49295.9714822334,163654.220850303,130881.394593366,126828.184174713,23300.7720863465,252974.502967098,758973.626723699,696645.526989626,27825.8992245093
1997-04-01,4515687.87969292,181873.035422402,176893.722770181,74321.0039530932,306865.652633683,49091.636752099,164343.2253847,130977.092252099,127207.693001005,23049.1423491999,253617.126494184,757389.044981988,703591.590899715,27878.5451461708
1997-07-01,4533879.94589525,179492.874160745,179886.493007787,73888.4529753858,306734.247217772,48845.0134812365,165612.8839154,131018.140731353,127618.829467748,23231.3470102563,254035.34140312,756991.072207677,706215.874619685,28122.2018648324
1997-10-01,4548715.31339254,185586.708695519,184558.742291946,71245.002023015,306651.983817553,49083.0950975165,166862.081907128,130768.30614785,127722.922816465,23594.0236909624,254911.842892686,762907.335418476,716990.324938254,28301.8663394512
1998-01-01,4582815.27980581,188451.23347313,188997.498670435,73358.9128119944,309566.259552951,50346.770261621,166648.6620626,122843.129966564,127980.571202484,24277.3802854722,255057.621850182,765477.729932324,719212.666082368,27326.1808111369
1998-04-01,4617726.23425687,189341.582269127,193898.357546658,72108.9758246105,311202.845265512,50946.3878717061,166190.590821619,123332.255317842,128673.109550077,24630.8839156352,256611.690367146,770975.930639392,724727.176841491,27041.714415629
1998-07-01,4655870.9923469,196655.973070585,198280.854885879,70634.3700220051,314494.365918937,51829.7134866758,166962.737054566,124015.352390544,129437.214393219,24981.3337726106,258826.547966702,779240.068090331,733832.784398058,26925.0851033362
1998-10-01,4695649.18711945,200707.11541365,201606.972400807,69262.368073116,318588.72048439,52141.7145089241,169042.938298689,125174.146599968,130790.509400745,25433.694820547,261543.557945985,783935.494816457,738504.057392054,26840.5385163004
1999-01-01,4730970.26974102,202917.872924326,204656.568138597,67510.8175099308,322599.724287316,53939.1307441936,171572.704376848,126426.783326396,132165.491526638,25639.2468456757,265261.594012223,792667.312165632,752296.773963481,27086.9037701863
1999-04-01,4767681.78895884,207879.792756822,207880.730704416,65347.3095047736,326283.021312677,55252.5140401701,173759.143651566,127379.217152853,133492.02280326,25938.0864436014,267662.394000854,799233.45404765,762909.168279298,26523.3217314789
1999-07-01,4792617.1397134,211711.772548879,210547.68422949,64683.9633179517,330340.674812002,55742.2651131304,175289.086181506,128658.912649285,135212.606675368,25844.1040534332,269645.063960394,808449.510122405,772726.198188448,26454.5960211944
1999-10-01,4820309.82766936,215399.058906483,213807.797628787,64910.4108265583,333958.909646306,56335.1169564252,176060.174558318,129622.325562891,136664.007756344,25676.1012854878,271592.323312014,817964.802965005,787233.06747084,26903.808672149
2000-01-01,4849989.91972715,221464.514057683,215153.375479955,64977.4808169827,339414.958213857,57584.2891215343,177710.989383347,130465.257026335,138279.043361788,25681.7199250991,271623.208171247,823362.84261085,792835.617706797,24734.4458509421
2000-04-01,4858025.406748,221722.987127846,216792.766168345,65680.8811908436,341370.469637203,57438.2145144198,179904.802978943,131406.523135267,139864.952115698,25724.8165294141,273353.862965263,832566.599631689,799096.725193642,25220.9147158936
2000-07-01,4887853.73889174,222365.150285866,218081.678115682,67640.4636746775,345972.451495913,58614.1696094081,181910.303175122,132200.202197317,141414.943073827,26009.3139781487,275708.847354626,834390.80884579,805526.614621623,25990.9311126751
2000-10-01,4895202.8807228,221825.872846666,217756.013180363,68475.16910484,348396.260825139,59851.9792029124,183181.827491719,133083.585609884,142959.842177776,26158.6728708112,277692.495227936,836976.028967113,807087.160643933,25709.3686982084
2001-01-01,4901667.70661705,222279.060165084,220151.314060352,68067.422171606,352821.815635081,59993.4588040814,184626.474969331,133402.43745265,144194.660152409,26247.2285934023,281541.006969788,850972.975145147,814816.033808987,26491.4879495331
2001-04-01,4946043.1336757,224658.8959854,221458.753370115,68156.1771460072,358463.354132956,61096.8310518549,186826.100322572,134564.945616846,145911.103098332,26576.1480146412,284513.242803673,859466.0377698,822316.106725297,26702.7711004679
2001-07-01,4972514.87026125,222949.455483779,221416.852728816,68341.9637193023,362250.347818048,61027.9184335788,188762.429546465,134974.971266038,146808.783584393,26833.4846303425,287121.597663294,871840.583890551,822401.784930836,25930.4908993978
2001-10-01,5035832.97961224,221298.205701127,224557.679350082,66432.9612060251,370683.53577926,62280.3392646695,191511.028388004,135955.495970378,148279.718508814,27065.994933247,290713.1841606,888999.513800569,827776.305421477,26289.3275106604
2002-01-01,5084436.91466417,221893.399384192,226895.673425775,66622.6693917177,373346.547934678,62967.3335045169,194035.616518407,137221.707225861,149659.359384329,27194.4847304662,295115.567424976,891930.39120353,832409.617952957,27684.7668150937
2002-04-01,5121225.33432117,220489.962264846,229002.759769984,64670.5698508206,379840.968091785,62358.7534037445,195732.675902342,137939.067855031,150698.013285348,27030.3481065579,298889.102102575,902865.488566166,835810.524891695,28329.5882878295
2002-07-01,5172482.3019494,222306.62258789,234584.047262451,63989.4981828317,383583.284607762,64078.7344786961,197797.219589226,139676.649941569,152716.941067562,27016.8188045913,303152.861921844,913008.121769907,850494.691264353,29979.9593361656
2002-10-01,5222257.68498734,222910.057191793,233812.889823843,64662.8199011932,387485.155807987,64212.1171769619,199471.769133345,140671.059330022,153891.406337968,27028.1254511812,306801.54941613,918196.306170217,851249.881045977,30905.7113712938
2003-01-01,5284602.18604317,221209.653134602,236535.042008046,64708.7135929443,391885.32149398,64246.0414138898,200788.350025287,142088.786019096,155610.860137478,27112.8572911774,309105.894473953,930049.900333714,860304.498634775,30621.8209677
2003-04-01,5347401.5980129,220137.4190717,237565.440343806,62327.4609893268,393998.338474612,65436.9737584897,202285.099726078,143487.37450951,157163.529017616,27079.0606462657,313094.504241463,937050.420027631,866005.462087835,31930.4703276972
2003-07-01,5421422.44278458,222883.554481409,238408.335721355,62600.6378595667,401715.262324441,65837.7421292053,208089.558470788,144298.03799829,158058.022864719,26762.07817763,316090.926185842,947688.180345641,866341.254301274,32672.8076995894
2003-10-01,5486777.87465856,224989.816918923,244108.901987122,62039.576495023,402650.314023832,66410.2580022597,206623.813569109,145279.164258728,159189.902289626,26579.6659656616,318747.853661748,952267.100296607,878488.248297399,32528.1675706086
2004-01-01,5561622.40347633,225322.261586733,245426.583062679,60982.4592243516,407222.846336862,65623.6296731909,209067.490788631,146606.011079618,160379.297217937,26197.143096764,321860.357821281,958651.283231008,879482.696317582,32276.3866465339
2004-04-01,5633849.54515095,232929.262666174,248295.715548996,62129.9544405105,411010.59888439,65792.3823616102,210440.25020137,147219.884356958,161089.952220304,27312.0170577022,323577.703127817,967141.702813182,892632.864656698,32010.1819992522
2004-07-01,5700244.39523749,230291.150973558,252257.654985442,62342.1985346768,412885.109478761,65936.4984968571,210698.602542844,148511.428583473,162508.424296083,26061.7945136233,326108.51051039,971977.361708963,899879.701988204,33022.3595635443
2004-10-01,5743173.48614843,234214.754147798,255140.048147752,62321.4288880087,415776.517027704,66548.075475537,212478.266151574,149443.450797368,163534.482279986,26015.4104934582,328467.637059575,982358.603641885,911702.25089432,34337.8400477869
2005-01-01,5810036.55400928,239210.163947799,256911.749886242,61482.5435756955,421713.078575418,67718.4552511504,214532.172992284,150016.208864498,164448.303582433,26035.0046619068,330835.392933929,992932.04096757,922605.507168311,35639.6391548138
2005-04-01,5877046.80948252,239061.448817499,262831.544857561,62450.5761430949,425385.994304555,69544.9729012241,215434.236846341,151458.789200318,166118.752013414,25981.9474438342,332974.823506832,998086.697911094,929028.604878142,36959.1832062842
2005-07-01,5919665.19712973,247750.498524753,265666.306491964,61243.4638476767,428955.384321273,70017.7467852103,217440.426847932,152332.090826999,167208.712718534,25918.1480056078,334849.080622231,1003406.30433028,946055.187040532,36976.6445318312
2005-10-01,6001244.05924819,251514.153898392,268435.30032502,62236.2737289852,436170.475736552,69813.5752393513,224795.526025867,154135.765736677,169449.665503399,25885.7645093666,337490.18749168,1010056.35510461,956336.019322902,37122.899409474
2006-01-01,6036558.30049368,261083.069421711,274331.396037141,62178.41556084,438240.044688388,71251.1569910409,221471.848000975,155885.981839439,171282.978765039,26216.2404101842,343031.541080286,1019408.80231478,975892.592662482,38376.5024152703
2006-04-01,6066769.95494559,265274.052697754,276675.70220026,63222.9613322195,444574.446074068,72647.1110283198,224870.095585214,157037.204702543,173008.742034617,26584.9900262073,341759.574755435,1030914.15030877,988761.158765988,36439.6550779469
2006-07-01,6122773.96321946,270166.076317617,280028.514348232,63830.374606291,448564.199160874,74140.8621713162,226992.177748037,158844.691462518,175494.553838981,27123.355174528,344850.838552957,1043493.84873997,1001811.27607285,35639.6237607455
2006-10-01,6149254.87332921,279249.018230395,283432.548965054,63662.2979717501,454316.992146739,75904.8621543283,227793.491585883,159423.666915924,176771.936925914,27364.4507750048,347594.806391022,1056867.3819611,1016946.43357978,34146.9624051077
2007-01-01,6187061.70368705,281491.350769324,293620.385676616,66021.7006196442,455340.747061208,76879.0640938089,229528.233042352,159956.38603035,178453.72806483,27360.4804091536,350936.001548729,1058483.18764892,1033844.30571652,34141.7730144736
2007-04-01,6230994.05654335,293509.061849288,296848.3399731,67541.5745259532,457681.115681406,76023.4498078348,231224.476630971,160728.988085645,180248.628891802,27398.0130353059,354789.800098522,1066607.8350565,1050389.08896991,34768.4612482211
2007-07-01,6255429.55313781,299406.20195795,300500.074037889,67472.8252360874,463078.89788375,77765.287740111,233960.992433488,160890.568555695,181567.934986941,27457.0856546022,352250.509047219,1077746.27996725,1063805.65635906,34912.2437730059
2007-10-01,6283538.64916745,303948.965270799,304929.03860504,68346.6123256288,467965.134413362,78590.2139135706,237860.247242005,161822.524471943,183379.123630304,27844.9857853565,361710.325244915,1087700.04463306,1077054.22527609,36858.3714980429
2008-01-01,6322167.19602896,307173.978688279,298427.616308433,71140.771412224,475193.99141693,79456.318932734,240252.462732289,167053.694294096,185365.921295165,28126.5580687407,364490.256767966,1107238.91614301,1076919.6066142,34612.6878551233
2008-04-01,6382137.68063928,302062.313333638,298470.65633032,71777.906554426,483124.696014341,81469.5982523017,243065.724918582,167896.365117815,186583.900203914,28456.4000505876,368375.681271023,1120658.66719045,1083235.72798665,35413.321632312
2008-07-01,6481839.8243456,300729.438746723,294779.966961995,71047.1761312021,486715.053767202,81440.0986915625,245493.331434814,168018.300956444,186923.201257458,29030.9653908107,372771.209525212,1131383.39875457,1077167.01860459,35851.302925577
2008-10-01,6803183.87306826,293256.456048793,288813.509814276,67872.0533932291,492350.959903933,82366.2311169844,247967.551008265,167993.184428921,187129.249763043,29526.6049470089,379018.269516821,1146171.60102167,1062926.17364472,37091.0022014938
2009-01-01,7001891.6740391,286222.353316899,285530.508167383,66147.1402367457,498993.241747618,84790.392247233,250294.435986054,168423.032924446,186218.382618756,30205.020557309,386161.20039631,1158537.42185679,1051757.11346188,43926.7958155633
2009-04-01,7184662.53677815,265914.719149242,282485.448622279,64748.3561834552,503099.510774981,85805.4216432692,252217.133820457,167801.543720895,185502.302399722,34353.5395144703,394646.684195962,1177001.08836026,1036812.21082808,44915.51841351
2009-07-01,7362404.81539816,266616.940371138,283218.911349248,65605.892132021,508399.31078546,85729.0921414823,254553.048435421,168428.462989139,185820.818465327,34549.6887893315,399483.557201882,1189623.80676451,1036476.24076487,45326.2614761081
2009-10-01,7519281.32620123,268578.378504579,288451.202677357,66594.1686187201,510796.580962029,85720.5465644934,255740.001137367,168884.546733718,185939.770309951,34510.3866545825,402076.593189644,1198800.89872189,1044742.16223529,45880.6699005023
2010-01-01,7639562.97708439,272746.49985294,289843.365528029,65671.0346538135,511576.996734453,83815.7133813866,255771.808811056,169286.394612645,186802.054936387,34449.7940476972,404734.112028001,1205596.94386318,1048567.03225634,46195.6748796415
2010-04-01,7770766.13255772,276673.429063411,296274.230134794,65496.7586967099,513694.144182787,82600.9443563445,256277.406786427,171015.55908699,188454.283883082,34378.1878750496,404391.324944012,1203281.34839112,1066142.99137395,45888.9402204364
2010-07-01,7885543.86911546,277195.290233737,300380.168322295,66407.3083031845,514263.85495173,82079.4716790805,256119.035461326,171839.586481874,189291.937420026,34047.2627242587,405924.76019986,1241514.57055341,1073948.10179386,45732.4450875892
2010-10-01,8215980.75627383,283670.316799007,301056.119041519,68167.1204706353,515231.867150371,80672.3038093972,256326.790089394,173258.630833486,190691.24370379,33756.4514729899,407219.377065098,1204366.9849121,1082447.11028786,45950.1851167693
2011-01-01,8325855.62141252,287996.154572027,307666.325859384,70474.3197421349,516228.215131533,79531.0608582015,257187.610908079,175209.121044076,192406.920113249,33589.8566835017,408021.23213105,1204810.60651486,1103636.54322377,43261.7126284522
2011-04-01,8414705.23464705,288665.27325729,307928.816363922,73213.7467135681,517691.883402796,78701.5276751565,257666.107243436,176125.015662087,193012.732293514,33434.3757776162,409348.940174261,1208706.99181589,1105156.37455605,43000.7861728191
2011-07-01,8517233.48754121,293892.11148017,309036.654242315,74896.0130853262,518704.863391644,76844.2373382438,257480.220949855,177817.690139861,194341.240242262,33462.1258147718,411011.221090717,1214428.44727035,1114233.30188692,42772.9260926773
2011-10-01,8617880.58088039,294753.4673948,311801.06431856,76590.709142032,521366.419159108,75866.8779991156,257136.252916587,178683.57370361,194692.019159402,33573.9070352573,413986.10593978,1217208.551776,1122727.85277956,43289.1045993286
2012-01-01,8686791.61288531,301468.686104053,313987.778252659,76083.2352212585,520869.757249257,74059.8979351828,257201.582603189,179840.033703181,195260.853445741,33502.426543918,416903.488668242,1224028.62812475,1126181.79247709,43403.1443945458
2012-04-01,8800344.46851926,303132.792155297,314380.492150556,74887.3309170011,521058.368622285,72493.105856804,257259.921902273,180951.956985721,195745.552440388,33601.2610708649,419558.113513182,1229098.15730514,1133525.89408953,43799.7139262146
2012-07-01,8894476.15002754,307637.350856264,319166.545102282,72977.2391324872,521915.953990572,71609.0946303031,257194.835045159,181830.607580301,195870.831565797,33500.5901126339,421920.913439831,1232429.0321555,1146221.15878395,43941.2287879318
2012-10-01,9004634.24156292,312221.957442492,320732.88474271,73286.3383798423,520787.853458995,76673.8750605705,253610.456758723,183619.15266225,197229.669853351,33572.4600521234,425028.228570449,1245741.45096807,1154629.55902092,43912.6891677757
2013-01-01,9117185.84918311,311513.026683697,319310.260882084,71694.5339912117,525199.772937092,71605.3362879378,258036.488500715,184375.515033649,196838.84769731,33752.527071159,427672.399042867,1243024.91884076,1158135.82200636,45609.2113867856
2013-04-01,9193689.0501607,316994.400042353,324310.70317928,69160.0265756849,526135.167464869,71769.7090265311,258276.484837541,185663.255951162,197989.732853871,34053.9743312652,430197.977195392,1246341.16644546,1172025.34079805,45456.0015187841
2013-07-01,9260178.7864944,317896.725841222,324343.819022886,69188.8889373561,529290.710055249,71922.6499336584,259455.078320493,186787.751518945,199065.702843935,35016.6671820927,431544.728432243,1247931.79061726,1174926.86972968,45229.5027330511
2013-10-01,9313075.78754523,319173.770574161,325121.550299295,67038.2045564382,531692.451306021,70620.5043033094,260424.62955648,187052.490418616,199232.657824162,35901.2796587306,432948.270396053,1240401.29601956,1177693.42815599,45118.4882672165
2014-01-01,9367729.7371068,319995.286862973,331398.202289387,68483.9837638313,533509.390248158,70442.1834413814,261115.219959696,188126.505446083,201379.320984522,36853.6523094745,435014.507700302,1248723.4212669,1188442.26714973,44549.480524995
2014-04-01,9438122.21423494,322402.979351338,331440.311093191,66265.3258577802,536055.234795918,69488.1168914119,262050.162369589,188913.093450775,202340.06126051,38056.8999239211,437416.52115865,1250451.26504597,1190549.16028137,44324.2887933102
2014-07-01,9482370.46542175,323878.501320698,333856.18651008,65293.3010631174,538292.946053561,68878.5591589297,263000.755563686,189390.859965626,203225.697672199,38658.0954956966,441064.830342012,1257220.12165818,1196623.62425997,44314.5177143767
2014-10-01,9541819.85205033,325521.127908774,338740.729467422,64643.7698294747,540405.620502361,69789.8269665528,263779.000229881,190836.219023743,204920.762905245,39568.0621482307,443703.691523822,1261950.09083975,1205311.88168584,44217.5906294766
2015-01-01,9579317.73746893,331510.683263449,339141.788026877,61462.8201061528,542750.767001345,71274.9683628188,264804.020753164,191505.286856074,205804.326939451,40190.8191543332,445839.76823186,1267664.57733907,1215928.6114615,43393.1968603641
2015-04-01,9591219.12585906,332833.646629097,342361.251609565,63294.3074989388,545127.82607369,70635.6461572096,265417.591053764,192618.858600546,206751.528762225,40457.4119352231,447315.739435736,1273549.70749734,1220665.79207948,42947.2894649883
2015-07-01,9661776.20730338,334809.830018256,345109.596608706,59981.9510842328,548684.683269247,71823.6667170667,266145.052653501,194666.432599074,208467.384356887,40737.8767056862,449760.192499668,1272712.30310692,1228248.73754945,42771.3219896923
2015-10-01,9689679.46008506,337461.464118771,345976.926933194,59367.9186200438,551909.618247284,75213.0318273754,267049.133237679,196092.687514181,209662.352847017,40749.988044789,451997.944753684,1284648.5696315,1237388.08946394,42562.2845934308
2016-01-01,9760040.15596948,338366.021154294,346823.339816794,57193.1531455877,554586.889128588,70066.1394958048,268591.973676939,198320.51712071,210629.357606623,40839.649045915,454011.311268395,1284293.17150705,1235562.63439626,42041.8648450189
2016-04-01,9814923.70860375,341842.736655806,350208.208830857,57366.3127982486,559889.77575584,71029.9453987663,271297.673573298,199966.276661091,212158.649651561,40775.5743395847,457370.880226916,1287591.15517846,1250983.01898661,42278.2456531328
2016-07-01,9823038.98767697,346516.55799565,352522.758588397,58455.8698669276,561902.284799013,70891.3633679336,272295.523677573,201166.906243648,213102.884101531,40624.8026508965,459436.999978597,1299603.54734587,1259588.28695678,42006.0459604607
2016-10-01,9867089.55682719,351810.533266734,355561.27716469,56219.014742974,565117.332347326,71459.2126392171,272980.484169439,202794.329690798,214912.349123176,40372.4629439193,461657.078875693,1299946.55851693,1270929.33127613,42038.2862618735
2017-01-01,9880471.86006656,355099.289452672,360752.182943026,57445.9541509273,570148.117645035,72215.3052009838,275006.177216895,204537.367273518,217046.284416176,40305.1597597671,464723.046981645,1311162.62260433,1286700.90651291,41734.7851862876
2017-04-01,9912784.97391151,362547.352542419,362967.174992568,55116.2759342776,572616.709939235,71892.9614062303,276883.904026542,205515.985922028,218937.788732228,40449.2086725878,466923.85158129,1322448.30271671,1294978.43277991,41546.9728987809
2017-07-01,9935096.22956645,365481.532545743,366403.924693104,51925.8694501589,577305.112447085,77461.8907064793,278857.74318471,207505.177537073,222290.762608272,40834.7419886823,469247.856740749,1324208.08612062,1309943.99136107,41517.5726213607
2017-10-01,9956152.90658217,370920.602808834,371229.974905459,53566.4630401897,581777.183345484,74550.1104948945,280855.319775645,208473.651628576,224194.446863708,41398.3879332373,472334.278459638,1332008.01895093,1323261.53937004,41492.6157884787
2018-01-01,9967207.91986626,378974.947667616,372527.118218743,53889.687530285,585352.13298461,75704.8421793875,282568.296413489,208331.138421806,227037.152325942,41992.7705730325,474920.394869809,1341805.21743765,1336232.21386417,40572.7378977669
2018-04-01,9984363.24097184,377248.332142006,377557.617997793,52367.593712628,589853.609492097,78109.6330621164,284440.717531781,210109.335776417,229530.220986266,42449.6549339113,477170.430793479,1349188.44323394,1348065.59215919,40439.1989792803
2018-07-01,10030874.1828384,384519.497963487,380671.11972646,53642.3622415191,594588.608181779,78812.3299453701,287167.471081867,210450.823956629,230592.767536359,42865.6184542988,482488.939763954,1364224.22823096,1360365.68552774,40745.9080241521
2018-10-01,10076732.9384758,381943.559467647,382607.563735069,51243.5193326605,599821.193230146,80870.7511184074,289832.179962529,211629.325945944,232348.16939746,43083.3139036903,487210.426534005,1382413.81599199,1366098.46208559,40654.945304464
2019-01-01,10107644.3087057,385546.885709262,387841.18531718,48001.0121243867,606107.438808539,81895.1945207793,292162.87077768,213963.174293736,233444.698195418,43875.3328509457,490838.172783374,1388269.42552744,1375249.09436064,41398.8115650746
2019-04-01,10140089.9812951,393498.501557985,389709.009290899,52951.8243888846,611026.265137952,84228.0475088927,294327.578909934,214638.684306617,233823.815571293,45407.0520369553,497158.82390727,1403094.59643481,1388797.67888339,41493.9040744396
2019-07-01,10175362.8753663,386688.654367904,394412.547084486,46194.0185946232,617861.427355,84040.3149991585,296523.568934821,216034.340609563,234454.832328264,47098.1316923978,501969.46108807,1423096.15449988,1399988.43547811,41490.8945604321
2019-10-01,10208664.8082522,396989.642958312,395716.426829477,47004.8805280086,620591.551459287,83522.9238240875,298690.537176717,216699.348106207,234578.691229424,43652.3611093239,510441.591402168,1425322.69062187,1410523.49845512,41877.5615772629
2020-01-01,10308810.3924324,396246.934103473,366698.762831116,44654.2548785144,627381.274308411,86040.5082701443,300813.51956458,216605.482845694,233388.224079794,50144.1029529133,523801.409926774,1442872.98547969,1346955.7795232,66726.1229968781
2020-04-01,10955415.5624372,355486.598263203,335745.778583589,42824.8342977971,631916.563344666,85340.5559334147,302986.426034041,205675.878668071,221472.865618353,104993.736401894,577158.916684188,1553082.54856144,1243348.58095948,73936.1997866531
2020-07-01,11116564.4967043,370754.55731411,370161.835226375,43703.0270300857,648141.218569186,86780.529059194,305827.854556183,217620.282822416,234316.51543117,71002.3798255366,545316.551464948,1556487.44432,1361244.67059458,69541.2813470411
2020-10-01,11270958.5359078,379210.299116201,380399.207466947,40721.5448873888,659340.465170949,88189.4361251055,309780.414274369,218798.987191766,235595.348498092,79021.1963363939,551585.14992257,1578339.01540136,1374423.4710688,69841.8089383037
2021-01-01,11441095.3118089,396228.320399486,386414.964122606,47137.4888587388,664238.773809882,89724.2310115778,312415.160522752,220699.607636339,238890.356591701,101274.904902034,556398.204370001,1603502.96969525,1397107.66166548,58598.8241467579
2021-04-01,11602053.6322406,398284.469348067,400121.491281299,42950.8067288045,677697.94396949,91811.5544300317,314864.438901555,223907.446998883,242411.284564561,100098.099621911,559062.32526712,1610015.1657729,1414159.44251624,58377.6575018848
2021-07-01,11744813.7776385,410560.518471176,414411.310562057,43508.1903374433,686142.266196636,94688.4543221702,317559.690795555,226543.983997367,246212.819696758,74553.3951209846,543121.523575792,1622132.15960721,1499201.26492019,56905.0880327468
2021-10-01,11871847.3075106,448063.170849044,421959.423106815,47734.9210250439,695998.574019854,96313.755778705,320520.494318244,230211.676319824,250656.176548795,74641.8721631333,547475.599391713,1630580.03763524,1529932.6887905,57162.128780274
2022-01-01,11986519.1252144,449667.65478706,430844.17407002,51931.5891379651,707542.666439784,97371.5232470776,324127.060762392,233799.340619199,254499.472639102,66495.4894890076,551038.285338742,1633678.35113707,1543718.64218639,42986.4281442066
2022-04-01,12088780.5694077,462923.503392653,435197.492185151,53609.0218752778,712224.575393947,98238.0553261518,327138.950742962,236491.568853027,258755.276831113,76620.4435034346,558666.165925754,1648378.48953232,1570016.03444446,43185.3825819455
2022-07-01,12172659.2079188,462658.136101723,436246.558084889,54325.2745039611,721354.767037119,100548.51183989,331130.066893045,241510.498523267,262148.401009786,87602.3099623987,570859.923983526,1733634.56299768,1593506.09873415,44235.0557548712
2022-10-01,12294877.3859765,468693.47849073,439251.793495118,66627.641303608,743626.194188664,103849.372807071,345178.299805415,244959.109372473,265309.743929067,77259.8982449263,571392.972988046,1744741.41458616,1608415.8870956,44547.7521113327
2023-01-01,12399655.3351054,475504.780610049,441704.012241681,55074.3465203332,735210.460688101,105120.053532285,339693.78415939,249037.870400737,268744.622150002,76762.952686434,590328.144841869,1747929.16307212,1629025.48862123,NA
2023-04-01,12524077.004036,481758.582422341,444257.934324866,59735.4850341507,744603.506871835,108716.560357177,345038.690756638,253543.60615399,271376.50022966,75561.442606961,596743.970445593,1754433.76019927,1647623.99631796,NA
2023-07-01,12665584.2579316,490435.052388391,448458.717886332,61758.9429169806,751303.016256345,110655.735173907,349649.147017218,256275.374181043,274845.37748684,74647.417849452,599779.259440931,1766211.14164838,1670549.41589423,NA
2023-10-01,NA,NA,NA,NA,NA,NA,NA,NA,278247.326419089,NA,NA,NA,NA,NA
