"period","defgdp","shortrate","employ","gdp_rcp","conso_rpc","inves_rpc","wage_rph","hours_pc","pinves_defl","pconso_defl"
"1970Q1",12.6034350093359,0.0798690291474394,0.669536416737206,5292.7073733699,2945.1878577145,1340.19020793718,NA,NA,1.06668384503333,1.0087377018879
"1970Q2",12.8648299289248,0.0795645504500026,0.669250846644792,5387.54127671711,2978.02702652558,1417.96160707635,NA,NA,1.06133855335813,1.00293409140251
"1970Q3",13.0570666555855,0.0760210285345395,0.669258476729728,5445.47574724137,3009.89854136272,1437.69419400755,0.081009124390917,3368.85928841959,1.06088589350751,1.00483995605953
"1970Q4",13.2042258037803,0.0724222652036589,0.669573613125254,5504.38861570218,3064.41950162721,1429.9962195581,0.0831850752223885,3358.94016104354,1.06305595238886,1.00606187440062
"1971Q1",13.5590940125127,0.0651682453106338,0.669901987566499,5487.71623710858,3081.56253316092,1420.50273115546,0.0839900813979418,3348.85998659016,1.06197339037758,0.993462700393148
"1971Q2",13.7129355060262,0.0593857038504597,0.670462257534487,5550.85485394033,3123.25724868454,1456.16667861535,0.0850273835445778,3338.64250238944,1.06739924203432,0.997007327277345
"1971Q3",13.9160413235624,0.0622614216663945,0.667622557783763,5630.1167650144,3146.42386624273,1461.14982585749,0.0867740207568834,3328.31067566199,1.06355450342979,0.998347422694486
"1971Q4",14.1081457311235,0.0600575539242426,0.666726459679017,5667.4770698858,3178.53611019422,1477.43261551284,0.0881547042569422,3317.00016476496,1.06347962835342,0.99616619099355
"1972Q1",14.4238780274698,0.050465438486701,0.666550735108557,5743.85859197886,3228.37979946098,1493.00058001768,0.0901443387645871,3305.6362411498,1.05592094840969,0.990447876286235
"1972Q2",14.6271745537547,0.0475362418754198,0.665902722974422,5774.79757080024,3238.23591039742,1511.94126853664,0.090940934407691,3294.25503842253,1.05635331808653,0.989567834273919
"1972Q3",14.8352050266168,0.0485727793658945,0.666236990480142,5845.81540508763,3292.18468842907,1530.52941296259,0.0922916578547724,3282.89296334505,1.05475530576935,0.99580883860978
"1972Q4",15.1058995940864,0.063947706660553,0.667508235971175,5923.20883562421,3320.86041082617,1564.76118973757,0.0936192969415661,3281.21543667517,1.04874484275774,0.996449313732878
"1973Q1",15.5865759564886,0.0679128599188762,0.668761999725537,6028.77482097238,3385.62175144569,1595.44781768672,0.0955897881976697,3279.45800621708,1.04860775021569,0.985590408715727
"1973Q2",15.9631436513281,0.0848533743323535,0.671065005532761,6093.1528573747,3415.27895384192,1594.73088079929,0.0967604699024962,3277.51241157468,1.05737704457522,0.988766742875098
"1973Q3",16.4014035108306,0.102110845842182,0.672661022360864,6167.82544196014,3427.90208977017,1601.10447477798,0.0982027689962994,3275.27153601894,1.06416473393561,0.988213821633613
"1973Q4",16.754115072099,0.110824376553369,0.673150865296458,6225.94203290227,3456.80813237968,1603.59520960442,0.100426627937865,3265.78187651102,1.07531522922302,0.998191738132123
"1974Q1",17.3220401870246,0.112268194238964,0.672559038751248,6278.03325276544,3455.13874483924,1595.67487888239,0.101450165711047,3255.91064372004,1.08840681603901,1.00124393324625
"1974Q2",17.929085982254,0.114653569448917,0.67086762470311,6279.63022118058,3482.39428331332,1550.8582203034,0.103298913406225,3245.65779430167,1.09917442785452,1.00408885286597
"1974Q3",18.5671982249665,0.115240213956069,0.669133634418228,6312.3755282085,3499.43151081879,1549.84813169606,0.103787293130901,3235.02369144731,1.11048774575531,1.00006627670591
"1974Q4",19.1929369394131,0.106596596274416,0.666271304288916,6201.70935929382,3460.13689645661,1501.80935072137,0.105354635047223,3211.87698795708,1.11069975891858,1.00185535666853
"1975Q1",19.6906377695023,0.088138355250989,0.662653128892312,6133.62346802478,3477.08016745779,1478.04729949004,0.106182432245502,3188.57493412403,1.10605975421026,0.999580736431388
"1975Q2",20.1832197736798,0.0705523295759312,0.657236932332417,6154.81353632268,3520.07379933302,1455.19600438485,0.10772141979119,3165.3027745823,1.0981391390607,0.997887713120637
"1975Q3",20.5933251290468,0.0638221115705834,0.655040984731258,6198.98969353652,3556.72340725624,1458.18167239799,0.109685749199473,3142.24478215984,1.09383676107888,0.999891678216791
"1975Q4",21.0223133430828,0.0659879032032398,0.653639718332154,6253.33586103545,3598.58041244692,1479.1408272395,0.110686883087863,3140.49661028994,1.09319785152877,1.00099364654427
"1976Q1",21.4566007062685,0.0700069458722668,0.652938409208974,6343.84688663211,3638.8986738235,1476.52435660104,0.111678433215391,3138.93490381323,1.09808678719856,1.00473671638631
"1976Q2",22.3462194776258,0.0856771783380818,0.653292268987588,6413.43459596121,3657.93669071295,1478.31899520829,0.112324449541608,3137.42374566487,1.09939495539346,0.997383060363034
"1976Q3",22.9694512067133,0.0934838426426787,0.653590272653465,6455.06350725643,3679.24711662663,1471.8404498132,0.114063323864997,3135.82855103723,1.10310335359381,0.996054641391633
"1976Q4",23.5599768084986,0.0920557381094242,0.652112541658332,6545.9123034812,3713.17328692394,1504.40910074548,0.115443832451138,3123.65986553104,1.10699633570751,0.997226244642913
"1977Q1",24.11805584382,0.102143163466785,0.651423236028273,6559.7401786403,3714.22357439538,1519.38235491149,0.116209795712884,3111.34092466747,1.10554642847367,0.998949356037092
"1977Q2",24.8629301366907,0.0937170763456411,0.650173956490234,6555.12936901067,3754.86858392281,1495.08392320311,0.117659782751229,3098.89898401758,1.10028034070342,0.995555770200285
"1977Q3",25.4011456903416,0.08998382483534,0.647059362292897,6546.54729445867,3776.89508379179,1499.82946541576,0.11823363773168,3086.36193681389,1.10187911473335,0.998386119134928
"1977Q4",25.9697987141744,0.0912975808514665,0.646123021494784,6610.6818898315,3806.5740307729,1515.11347421507,0.119301857793962,3072.12475936678,1.10619109987377,0.995470591393816
"1978Q1",26.5857125046868,0.0805699420426259,0.645655674903181,6638.6594151532,3809.89305235765,1516.58614806559,0.120725548083276,3057.88244575917,1.10604536841449,0.988944740227427
"1978Q2",27.2278470941677,0.0790926650553357,0.644760646873089,6699.44573016656,3843.08835222283,1529.50895787645,0.121255158050598,3043.6900857315,1.0985979808004,0.98626663864704
"1978Q3",27.8406272299109,0.0917201736034565,0.644186959204221,6715.53804655613,3863.0199806886,1528.16756486428,0.122542175073199,3029.60351028046,1.10285927946275,0.986608910973301
"1978Q4",28.403985335728,0.0913666125809649,0.643800906292918,6779.80572224521,3897.494493354,1538.3222001311,0.123602259618611,3023.74177656889,1.11196730769152,0.98653753252727
"1979Q1",29.0362347653124,0.0769693760621268,0.643765431847173,6798.41985422392,3915.24253913568,1512.19453035032,0.124933196323881,3017.93984631642,1.11236865037671,0.986875859284631
"1979Q2",29.733069685918,0.0935036117791605,0.644302998154124,6890.85056199039,3980.23259027516,1567.97227562106,0.125428417345899,3012.1342449096,1.11552800844798,0.9876948921232
"1979Q3",30.5983114326441,0.110219555251731,0.645219663496465,6909.2556408716,3955.80569487139,1574.14344751074,0.126973841246936,3006.26355679441,1.1190946750566,0.989328783005295
"1979Q4",31.4198557198848,0.126935488724414,0.645396344249802,6957.81641611377,3986.36681715334,1594.95333733428,0.12801724976504,3000.47700549694,1.12469196206592,0.992952462964983
"1980Q1",32.3409358958516,0.127349629021971,0.644335246089366,7006.13038989517,4012.70137665329,1607.93095329001,0.128926393535379,2994.50440077299,1.14068034848566,0.99500253414037
"1980Q2",33.1998003235553,0.132369406426274,0.643977547442599,6955.86395326692,3978.22603191708,1576.99299226866,0.128704734941387,2988.28708884942,1.14647062137307,0.996203612320401
"1980Q3",33.9844340441042,0.122388908649945,0.642703579489112,6934.48074992269,3996.99695387471,1566.94973605504,0.129059427567318,2981.76819695335,1.14921799399658,0.998749935247898
"1980Q4",34.7104037841279,0.126631560840749,0.640993443738478,6920.29037267326,3984.75305917761,1549.23890380476,0.130060662692081,2966.9630861929,1.15115690537127,1.00549627956614
"1981Q1",35.5076214356969,0.134327301679493,0.639070379422635,6909.52079649378,3971.89010680025,1530.04544000714,0.130187569011995,2951.90725334853,1.1585072513493,1.00892615804704
"1981Q2",36.5778512391509,0.155076999514754,0.636104991691412,6912.77765235211,3957.29940846004,1524.13001184093,0.131349448355037,2936.66662755755,1.15961423745975,1.00987428040075
"1981Q3",37.6270730007229,0.161332327689404,0.633490195203621,6914.45993589742,3960.59477909361,1509.61503104857,0.132189394620906,2921.30665053678,1.15458369158097,1.01019513429972
"1981Q4",38.6686579500757,0.154261347526855,0.631034891403926,6913.39371445801,3970.82957144584,1471.95147072523,0.13284407545997,2903.56389827903,1.15035748169836,1.01422981812579
"1982Q1",39.5900129189633,0.143311571369592,0.629036035241543,6924.78450039459,3977.61244691955,1469.08149134225,0.13307263465489,2885.87699604695,1.15016639730484,1.00976921653719
"1982Q2",40.6957770166139,0.143998784079679,0.626638303060623,6917.11435819706,3956.06711771046,1464.26975520604,0.132924355268079,2868.34313729217,1.14418594228945,1.00872110621296
"1982Q3",41.5771070733974,0.133493863482693,0.623442647130987,6863.58233987896,3924.86437997791,1446.50595402499,0.133205155663932,2851.0577072622,1.14125001103919,1.01157102490178
"1982Q4",42.4702244540636,0.126064745549399,0.621021274604952,6850.17264965715,3942.43137584222,1432.19520335977,0.133435487057357,2837.8089271461,1.13643585771812,1.0135546612207
"1983Q1",43.3721354389843,0.118863273092251,0.618191292068947,6879.64331509505,3955.61207728589,1440.41947843033,0.133028364773448,2824.92002864082,1.12876000455611,1.00983359943269
"1983Q2",44.1847372629835,0.118474109592296,0.616182494984794,6908.77011836275,3946.41643028066,1438.12378207519,0.133862152503455,2812.42520747604,1.1286725812476,1.01183034286039
"1983Q3",45.1702034512358,0.122185118334083,0.61418805425337,6911.16992198201,3930.56409675082,1439.05398961426,0.134744355745004,2800.35689542967,1.12855752376261,1.01261442865627
"1983Q4",46.0678562229001,0.121690058781433,0.612716842440002,6971.44093562086,3955.22224883703,1424.0161881154,0.13475186566027,2787.42098934264,1.12672449156549,1.01615074538571
"1984Q1",46.8800780910663,0.114315611420011,0.61051818176292,7016.32023212251,3982.05105110568,1430.450197908,0.135566620022542,2774.99657065485,1.11791669228022,1.01482414996832
"1984Q2",47.5711455144534,0.108578106330637,0.60870052512498,6968.65818526457,3960.65566833307,1393.81100042198,0.134259868926341,2763.13003194348,1.11732506137654,1.01554911355672
"1984Q3",48.3352471572302,0.10413454807136,0.608268269375167,7026.29970290635,3960.31248717767,1409.77975478416,0.135223646261789,2751.8656854555,1.11652863903036,1.01544031281169
"1984Q4",48.8166348886522,0.101279961406508,0.606947953571593,7048.43677214572,3959.29866435734,1418.86688340332,0.136494035397567,2742.35548756429,1.1223811286832,1.02026106555102
"1985Q1",49.6319808723036,0.0986331709622246,0.605957237163036,7050.88106271523,3986.35637061405,1399.91363912383,0.137169914068924,2733.50914467709,1.11706556828212,1.02029694544832
"1985Q2",50.2937779261251,0.0996147674938847,0.60557707085577,7105.09474483987,4005.63055953329,1419.87236872725,0.137659374555298,2725.34878055464,1.11638395285588,1.01925743275171
"1985Q3",51.0832513716011,0.0934669878032464,0.605579557099294,7152.51667740267,4035.79780332144,1446.77312228256,0.138663995389626,2717.89499704576,1.1104594180408,1.01507989584227
"1985Q4",51.823783213184,0.08627874483652,0.60618267093019,7182.80102946629,4058.54423307,1461.48032526626,0.138980412336066,2715.33495007419,1.11067765002384,1.01274110194791
"1986Q1",52.7776282907508,0.0874852127456905,0.606850276942833,7146.40574514424,4065.74342167021,1444.886958567,0.138604400270637,2713.44181177977,1.09600944740808,1.00282810634901
"1986Q2",53.4984422016728,0.0802830292365816,0.607260579013143,7265.74127873635,4132.54949274187,1480.75697750744,0.138989436093756,2712.1706601668,1.09185438043447,0.995169041781444
"1986Q3",54.0805955432202,0.0775325359648059,0.60829684392112,7291.29158928517,4156.40155798906,1499.63200168777,0.139517285414942,2711.47614104177,1.08441435097274,0.991153116158274
"1986Q4",54.5431392654763,0.0787468454353165,0.609618133959618,7298.33160302233,4181.71185735337,1510.65276634172,0.139922589153827,2713.16837164063,1.0857461928287,0.991840405432186
"1987Q1",54.9779834458962,0.0810526133353428,0.610075882655501,7252.68928403736,4182.9739149398,1483.6250385277,0.140135882352086,2715.31237706643,1.08678518915094,0.991371665832133
"1987Q2",55.4920426862513,0.0842573159516382,0.610866649069614,7364.41345959429,4249.26847021641,1530.82274238347,0.141409827446851,2717.83483891788,1.08632779406549,0.991516701045639
"1987Q3",55.8819483001896,0.0849014051192974,0.61173836761125,7433.2304204512,4279.91485749619,1564.15542899165,0.142316327701472,2720.66282777831,1.0856129811436,0.992150393890086
"1987Q4",56.5482442803271,0.0842591686806904,0.612555363811227,7517.86744842465,4327.96050328283,1585.62139368092,0.142628176026017,2725.94984020882,1.08725699496137,0.987789006642422
"1988Q1",57.0908686756047,0.0745351488645148,0.614428096694811,7549.477623838,4324.5741799106,1609.08907744186,0.14334011516115,2731.35871215022,1.08533391383746,0.9854599224068
"1988Q2",57.722687914256,0.0725975435118892,0.615893023223231,7609.12927996583,4342.93182989411,1637.3932934902,0.143692488770509,2736.78519834166,1.08606652499312,0.985562401496006
"1988Q3",58.2387290947058,0.0797430234621122,0.616673937241505,7693.73564326161,4399.97869845292,1662.87971423887,0.14431390895169,2742.12611947226,1.08966642607926,0.986378949650667
"1988Q4",59.0002388217248,0.0847532668142108,0.617525840669857,7755.37338158322,4427.44654940636,1690.99204226558,0.144578265168341,2743.7265123145,1.0861736866104,0.983951156577534
"1989Q1",59.7168223679452,0.0951583903395438,0.619513947218639,7837.03967422067,4464.74904914051,1732.56078787559,0.145928345164002,2745.100913784,1.08543801981987,0.983407049368378
"1989Q2",60.2333820546341,0.0969123550784868,0.621296598394021,7902.20978331268,4487.33454724213,1747.67669824957,0.146705672541446,2746.20314433962,1.08937074706301,0.989799209651548
"1989Q3",60.841476940306,0.101019317303459,0.623895430505385,7940.25099458,4534.07469175353,1757.9118196674,0.148106797817545,2746.98809119344,1.08561182536699,0.989023490617132
"1989Q4",61.6714412611339,0.110717769448713,0.627374082041007,8013.85410180578,4575.8611174178,1797.20922954749,0.1490740721427,2749.99974837342,1.08419560534147,0.986461058692932
"1990Q1",62.5487955905527,0.112255355314126,0.630597453586606,8113.40407352939,4608.10386408013,1848.39908408586,0.151023581756456,2752.56204185232,1.08413468847256,0.981906377924723
"1990Q2",63.4414347761474,0.10617898085615,0.632662581485546,8141.48080692559,4632.56939984134,1835.82721464175,0.152300534408678,2754.5940605622,1.08377849123471,0.979221531245204
"1990Q3",64.0286553237717,0.105362177171273,0.634484250431937,8208.0975053387,4643.02179802736,1840.17494360963,0.153363674434536,2756.0159898134,1.08326934064677,0.98223606598168
"1990Q4",64.782896962667,0.11046166203437,0.636673050107913,8245.76934760273,4678.97688098608,1852.07066374891,0.155533719720257,2745.2869949693,1.08088312737468,0.984951246141232
"1991Q1",65.6601658231791,0.110963972265041,0.638597635776276,8294.08803273135,4725.44083628973,1850.16703308587,0.156261440920355,2733.98891219611,1.07604644907165,0.980259825812016
"1991Q2",66.598099067441,0.104614395206008,0.637390183825319,8310.2107008262,4761.09844343647,1852.38115384951,0.158502361967786,2722.21696156578,1.07757928992321,0.979700032256544
"1991Q3",67.4488313325289,0.105058770051721,0.634426221298686,8299.58550695279,4740.60611292809,1847.56680921213,0.158844463990666,2710.06629127745,1.07693994959923,0.983161373677781
"1991Q4",68.4550881593054,0.107320933694755,0.632926639423826,8370.29695572264,4802.76501978122,1870.58020216441,0.159485387664831,2699.9475579029,1.06663444033937,0.982170310160921
"1992Q1",68.9636453868679,0.10849124833269,0.631712265719095,8488.51048079361,4827.22780709335,1902.39211802131,0.161926590553123,2689.60018174327,1.06343699426506,0.983704706615325
"1992Q2",69.607191944229,0.109789641712512,0.630150132947427,8415.84419933688,4828.19854328463,1872.7020415815,0.162490507125326,2679.08361117621,1.05813322814108,0.984012813922516
"1992Q3",70.1957252204088,0.119282741239569,0.626552661784717,8384.6418112594,4815.05524429879,1834.99634716126,0.164296281945712,2668.45692236129,1.05576270233245,0.983061043643442
"1992Q4",70.824544585055,0.114515345751731,0.622966969304463,8360.47543178119,4850.45942850571,1817.8495334071,0.163723254535571,2650.0236251372,1.05213357192256,0.98445913193087
"1993Q1",71.7090319140283,0.107060019204763,0.619448786397295,8296.38466751091,4765.56877880432,1765.03902787026,0.162586638951984,2631.72779875257,1.0485370277428,0.986798125503634
"1993Q2",72.3609349610369,0.0909112114799197,0.616159484594182,8295.63528489668,4760.78682678598,1735.86427626742,0.162888497451722,2613.74346265779,1.04733773426457,0.986296694985157
"1993Q3",72.8475831459649,0.0812000806480158,0.614086373803641,8323.33001419698,4772.30918481071,1736.85306585721,0.162695272508157,2596.24359476738,1.04491177203167,0.988042717826144
"1993Q4",73.4357477749789,0.0741204477332988,0.612843783765535,8338.64175766203,4795.45715782922,1718.71126451954,0.162215036945613,2589.79815773024,1.04027442421874,0.989228628667289
"1994Q1",73.8482348741386,0.068399226649811,0.611876162071455,8409.60081165521,4795.48812386732,1734.96297803241,0.162207670236375,2584.0067624158,1.04062006697083,0.992586044738461
"1994Q2",74.3433340953266,0.0636992797893708,0.611283285426618,8455.86522043803,4805.82857337483,1761.82102810242,0.162554027230157,2578.88297190959,1.0374241027599,0.993180965962265
"1994Q3",74.8734932621251,0.0638326182817901,0.611978635601003,8506.8871231613,4837.39072789563,1779.47659333171,0.162981298978654,2574.43981366395,1.03459324759009,0.993506988042275
"1994Q4",75.4935764890096,0.0650659343374043,0.612623380914847,8568.64093139471,4856.18175954432,1822.21764001351,0.163504465310249,2573.0333549295,1.03139464022451,0.992329518477028
"1995Q1",75.9678504533043,0.069432544966683,0.612258585281845,8609.63145349977,4874.51023775029,1795.96506732419,0.163427015659471,2572.29342621963,1.03108599959636,0.993895089133615
"1995Q2",76.6590058073488,0.0713658631077817,0.612951733130071,8655.48157635649,4927.6342452662,1811.84468744546,0.163788917844739,2572.19620734295,1.02878916766833,0.991050823888921
"1995Q3",77.2728060310343,0.0669325732324063,0.613308138025477,8675.55092486765,4920.47062633825,1808.84934664836,0.163742503703016,2572.71746307358,1.02496901535737,0.991830409523944
"1995Q4",77.8074233514031,0.0650659343374043,0.614194919839302,8695.15426599306,4923.01639482171,1825.40511966452,0.164092461664586,2573.37848842456,1.02111280815561,0.990811228838772
"1996Q1",77.9944204725089,0.0562993634559117,0.61406264332205,8702.28930427897,4959.87462482576,1783.55089143816,0.164210875047198,2574.61573201131,1.02123790320001,0.99235465744785
"1996Q2",78.2279979170177,0.0513660892335679,0.615189773994579,8758.69529804969,4972.62065487483,1850.73290412536,0.164620354232772,2576.41066655857,1.01834182673513,0.993472679877759
"1996Q3",78.5253127794349,0.0499994346855343,0.616391940361059,8810.56098921398,5001.35351268194,1860.76390431046,0.165532978427899,2578.74441746151,1.01836409192165,0.993675815114376
"1996Q4",78.8143963937709,0.0458661514181591,0.616973329497041,8843.63013121031,5004.76239090223,1861.95137288321,0.165835936256564,2580.90338075042,1.01426167801427,0.994111400621071
"1997Q1",79.0958916616045,0.0443994980007545,0.618120138327479,8859.26649594645,5018.95789023066,1845.67348973553,0.166401295674083,2583.57370833864,1.01649637541602,0.995475030451105
"1997Q2",79.404676128206,0.0432661808145114,0.619504048869104,8969.26560568066,5059.69816203398,1878.71767967403,0.166583730145632,2586.74614629522,1.01477666703996,0.993800372023426
"1997Q3",79.7222118107922,0.043232841191463,0.62128222490691,9032.51320839092,5069.26818517519,1885.2132395998,0.166994804379331,2590.41119890985,1.01520486155664,0.997898637013141
"1997Q4",80.0721789816193,0.0443328287545448,0.62281627938032,9126.84816035377,5127.26869653229,1926.11238062603,0.166824295236126,2600.46120365381,1.01345826199105,0.996830666964277
"1998Q1",80.3328794567245,0.0420328547590102,0.626205895785937,9179.7136879396,5157.86683900775,1964.26697765248,0.16641987857727,2610.88898689807,1.01010285810844,0.993848200203496
"1998Q2",80.8218599196423,0.0405662113414925,0.629087627594199,9212.73700650254,5188.2620637231,1967.42278662595,0.166488267838879,2621.5951569215,1.00624168806326,0.991265906280537
"1998Q3",80.9996050892871,0.0393662249090397,0.632459793417328,9260.13577296716,5233.44299212417,2002.12695163509,0.167378426507198,2632.48036856107,1.00561875952118,0.9920781759002
"1998Q4",81.3458736335617,0.0362329203354882,0.634775733961504,9280.65808315218,5278.87508261573,2020.40819273183,0.167790323355186,2640.81287138839,1.00375487140846,0.988988503894481
"1999Q1",81.376,0.030886,0.63742115450317,9356.58841742295,5310.55777503784,2057.54613325629,0.168341283574806,2649.16876844925,1.00272807707432,0.988510125835627
"1999Q2",81.503,0.026349,0.639729274402282,9400.78220103725,5351.22301616364,2085.86839226019,0.168820323649533,2674.96537319827,1.00220850766229,0.990294835772916
"1999Q3",81.645,0.026994,0.643071301489299,9509.89038363856,5401.02777558102,2120.32391942766,0.170662609557929,2671.92410092882,1.00475228121747,0.992246922652949
"1999Q4",81.939,0.034306,0.64561411125074,9611.56976035595,5433.51470387841,2137.82534250929,0.171286381694943,2686.52564137111,1.00400297782497,0.993214464418653
"2000Q1",82.25,0.035486,0.649754961642527,9723.16274951818,5484.93366232287,2172.16800539956,0.172185796416885,2701.98992797914,1.01111246200608,0.99658358662614
"2000Q2",82.496,0.042848,0.653203107721719,9803.81670195873,5518.34812426527,2191.05140926582,0.172944286012272,2710.51076432866,1.01539468580295,0.99922420480993
"2000Q3",82.899,0.047388,0.656189509260651,9857.24284711281,5533.66016048355,2216.07533403236,0.173809897439877,2718.13828298149,1.01616424806089,1.00220750551876
"2000Q4",83.35,0.050282,0.658614054901441,9913.8524987583,5536.72913464275,2217.11947305621,0.174207645765569,2726.0026878586,1.01721655668866,1.00412717456509
"2001Q1",84.017,0.047447,0.659574989698166,10003.019200763,5596.89037782758,2233.09644553557,0.173940184630999,2729.81748053305,1.01066450837331,0.999750050585001
"2001Q2",84.418,0.045885,0.659868901645308,10008.2112880799,5601.11599206269,2226.6618689508,0.17516166711758,2720.05582492582,1.00908574000806,1.00437110568836
"2001Q3",85.017,0.042779,0.660799171645621,10015.7691038218,5609.76430480467,2209.91095407404,0.175506456622281,2718.96941586488,1.0064457696696,1.00169377889128
"2001Q4",85.709,0.034522,0.661621125979505,10010.8501501966,5619.78369553791,2200.16291839049,0.175461786271095,2720.760288438,1.00017501079233,0.996254769044091
"2002Q1",86.309,0.033615,0.663119108148797,10017.5574698941,5612.40999628638,2193.60162265346,0.175942537724176,2716.76137130625,0.997555295508,0.99518010867928
"2002Q2",86.504,0.034461,0.663394208896217,10062.3218269979,5608.11530692726,2167.25009399574,0.17662622068439,2718.81459286269,1.00196522704152,0.997422084527883
"2002Q3",87.154,0.033589,0.663763901146055,10095.8242171921,5636.91529466182,2175.47660114286,0.176676108659169,2716.90816551631,0.994997360993185,0.993631961814719
"2002Q4",87.518,0.031162,0.66339872570025,10103.8666948279,5665.51575460662,2186.52967907762,0.177270491201607,2713.87128507191,0.995909412920771,0.994526840192875
"2003Q1",88.082,0.026854,0.663197873929979,10062.7086259282,5657.81022436727,2181.55568951111,0.176672889696325,2714.3688789483,0.992654571876206,0.9977975068686
"2003Q2",88.586,0.023591,0.663618185203131,10062.4668701079,5662.52057888267,2185.3445485425,0.176865328067434,2708.7724361603,0.987074707064322,0.994141286433522
"2003Q3",89.191,0.021391,0.663869735229268,10112.4977878348,5686.94994137841,2199.14135157762,0.177618422936206,2711.63530084873,0.985446962137435,0.991804105795428
"2003Q4",89.366,0.021493,0.664568695443178,10171.8336464279,5699.90832357362,2218.91478861912,0.177369840726293,2714.45105623924,0.986504934762661,0.99459525994226
"2004Q1",89.854,0.020618,0.664840549239267,10212.9309901562,5727.75113772439,2216.17953327998,0.178009415408487,2708.16002750666,0.987067910165379,0.994057025841921
"2004Q2",90.366,0.020834,0.665732552438129,10265.4234356012,5734.11460537932,2231.00253831796,0.177865002387285,2715.834668993,0.990449947989288,0.995429697009937
"2004Q3",90.692,0.021163,0.666607121248742,10280.2072852107,5734.10622779303,2233.28545315848,0.178000859238664,2713.75859586342,0.993968597009659,0.996780311383584
"2004Q4",91.203,0.02164,0.667693285705352,10307.3979098291,5781.52400935862,2238.23344537884,0.177921407563928,2716.93501144541,0.995745753977391,0.995230420051972
"2005Q1",91.573,0.021404,0.668047708884004,10318.5405754179,5795.10706763761,2243.60508814819,0.178286873316553,2717.17979410348,0.994310550052963,0.995216930754699
"2005Q2",91.99,0.021244,0.66937923567689,10371.7670186879,5825.57087265464,2280.7398773899,0.177570859906822,2736.40300642502,0.996075660397869,0.994945102728558
"2005Q3",92.342,0.021305,0.670503679147505,10442.557523043,5849.81422406811,2306.12652394007,0.178631752216883,2732.91575105819,0.998353945117065,0.998917069155964
"2005Q4",92.998,0.023437,0.672852110784572,10496.5939141778,5871.83675106993,2320.8664515014,0.178461153829487,2749.62575559692,0.997612851889288,0.996075184412568
"2006Q1",93.319,0.026136,0.675036572267728,10575.6619875465,5895.47071254631,2345.49527296413,0.178344951084999,2760.70593385928,1.00198244730441,0.999121293627236
"2006Q2",93.852,0.028957,0.678278096395689,10684.8455024243,5922.87590577733,2400.3091162662,0.178625905614725,2771.06353117579,1.00460299194476,1.00064995951072
"2006Q3",94.348,0.032215,0.680653284821765,10741.8563779752,5938.1104188935,2416.89275891049,0.178576370961852,2786.85330167009,1.00698477975156,1.0003073727053
"2006Q4",94.858,0.035902,0.683195903449627,10856.5294210231,5982.63264453946,2469.62119416517,0.178758251803624,2798.34186638201,1.00792763920808,0.997859959096755
"2007Q1",95.684,0.038204,0.685859097697494,10912.2325390408,5974.2111721399,2499.23361161392,0.178402165738724,2809.51287331577,1.00630199406379,0.996080849462815
"2007Q2",96.103,0.040678,0.688963241163187,10983.4005541031,6021.10964900322,2511.01889135453,0.178898190101302,2818.87355772044,1.00774169380769,0.998376741620969
"2007Q3",96.606,0.044937,0.691417829166309,11024.6892587722,6041.90605170873,2519.51067453688,0.178897111164782,2830.80082007671,1.0065420367265,0.999409974535743
"2007Q4",97.363,0.047184,0.69339900499777,11075.980781233,6059.39823004997,2560.93164676888,0.179856231969187,2836.65626965041,1.00659388063227,1.00199254336863
"2008Q1",97.805,0.044763,0.696005816447237,11126.380102612,6052.35842440432,2550.53685354301,0.181278116483586,2844.17159911508,1.00842492715096,1.0056336588109
"2008Q2",98.394,0.048593,0.695584589396088,11081.6253945884,6038.36072568773,2513.24530769506,0.1817455888954,2838.04254687233,1.00971603959591,1.00804927129703
"2008Q3",98.592,0.049817,0.694366721221008,11022.9465645887,6018.99242010976,2477.35652242385,0.183550042041611,2825.93271906776,1.01167437520286,1.01159323271665
"2008Q4",98.957,0.042424,0.691541513812209,10820.3602655705,5988.01601687878,2402.41480316313,0.183668214943471,2809.59432700483,1.00494154026496,1.00212213385612
"2009Q1",99.377,0.020068,0.686019441648685,10483.5922199299,5954.11852123247,2258.77268706103,0.184675492969466,2760.11926769305,1.00234460690099,0.989122231502259
"2009Q2",99.23,0.01308,0.681307058189328,10478.5525422746,5956.45313338543,2206.50361931901,0.186195233793568,2733.56134575468,0.995858107427189,0.990385971984279
"2009Q3",99.272,0.008709,0.678677691940675,10519.8030232233,5954.47246197075,2190.65676638335,0.187425128449277,2720.69159718587,0.99633330647111,0.991377226206785
"2009Q4",99.475,0.00722,0.677317512351404,10570.3652843545,5966.34770273649,2191.87312330522,0.188386035296296,2713.46648572677,0.994088967077155,0.993264639356622
"2010Q1",99.643,0.006613,0.677091542768546,10613.0785940514,5983.26684954499,2167.1928059847,0.188472352804923,2716.06603414772,0.999488172776813,0.996768463414389
"2010Q2",99.758,0.006876,0.676703053102865,10717.8408635744,6000.16044043539,2216.40894848803,0.189085310407443,2723.69692499672,1.00135327492532,0.999889733154233
"2010Q3",100.206,0.008749,0.677227325401233,10767.7929227243,6015.01875450672,2215.32774528461,0.189176635258523,2721.50124019292,0.997345468335229,1.00013971219288
"2010Q4",100.385,0.010208,0.678559258800232,10835.195997306,6045.12600161055,2214.03488079277,0.189829141663057,2723.86500135051,1.00181301987349,1.00317776560243
"2011Q1",100.633,0.010958,0.679063490092214,10931.1672523015,6044.41129039358,2247.38110222762,0.189555659886214,2742.77260219267,1.00528653622569,1.00837697375612
"2011Q2",100.875,0.014159,0.680094208171161,10934.7034156941,6016.35900938339,2247.91650046845,0.190949126073364,2733.35905745975,1.00466914498141,1.01240148698885
"2011Q3",101.189,0.015614,0.679446077053005,10952.7976413482,6024.55781988748,2248.53960088616,0.190939592756142,2730.8126996881,1.00372570141023,1.01219500143296
"2011Q4",101.55,0.014954,0.678594112312183,10910.9124776154,6002.22852643219,2236.76565726515,0.191387470038849,2724.07607512993,1.00346627277203,1.01354012801576
"2012Q1",101.908,0.010429,0.678683752691486,10887.053191449,5997.20716962498,2206.37721653685,0.191975240284782,2714.68452211182,1.00411155159556,1.01585744004396
"2012Q2",102.176,0.006943,0.678436549298313,10864.6524721206,5972.60540742791,2197.3061305169,0.193145560659295,2699.86851753195,1.00383651738177,1.01688263388663
"2012Q3",102.542,0.003616,0.677281903552724,10854.8297622255,5957.82911192989,2169.42975807304,0.192986011402962,2693.85422236863,1.00162860096351,1.0161007197051
"2012Q4",102.829,0.001958,0.675656524624034,10807.5351088162,5941.2391234633,2143.97210725364,0.193527437584196,2679.00218372559,1.00026257184257,1.01798130877476
"2013Q1",103.334,0.002112,0.674270531062744,10770.9723010911,5917.13670454741,2102.58848502594,0.194367679597948,2663.76742250007,0.995558093173592,1.01663537654596
"2013Q2",103.62,0.002067,0.673939088727545,10832.0276068461,5929.09234830502,2127.53923014849,0.19397230777069,2670.50909476163,0.99119861030689,1.01397413626713
"2013Q3",103.762,0.002235,0.674644897867454,10865.6573883891,5940.76302809963,2139.40988074384,0.194416564019628,2673.93518214983,0.993321254409129,1.01560301459108
"2013Q4",103.814,0.002399,0.675812547415145,10899.0417900099,5953.13185012317,2161.52214336292,0.194491309157087,2680.4700884522,0.994018147841332,1.01590344269559
"2014Q1",104.384,0.002952,0.677128529948099,10942.9843511919,5953.62753829246,2164.35425726441,0.194406547609608,2685.22824148384,0.990774448191294,1.01258813611281
"2014Q2",104.474,0.002981,0.679078898225501,10966.5371624556,5969.91541223366,2152.31445866015,0.195318869597652,2685.05479613836,0.989538066887455,1.01167754656661
"2014Q3",104.649,0.001648,0.680874642469567,11018.2445554497,6000.80884084476,2165.21029539322,0.195807534532037,2691.19216165524,0.992192949765406,1.01065466464085
"2014Q4",104.952,0.000815,0.681934018234044,11057.4521315577,6032.72700739511,2172.1784405789,0.195479171021822,2702.79480309323,0.991215031633509,1.00773687018828
"2015Q1",105.592,0.000457,0.6826532559702,11127.9865341545,6055.57111000814,2170.75733567867,0.195952694814544,2695.00085796001,0.985709144632169,1.00073869232518
"2015Q2",105.955,-6.7e-05,0.684790088442486,11181.4082133652,6088.64590359897,2341.75144487282,0.196061828250624,2707.9407208089,0.984106460289746,1.00176490019348
"2015Q3",106.335,-0.000277,0.687391575674779,11224.1137491826,6118.02938085992,2228.75854733469,0.196169502973391,2714.15815655273,0.983730662528801,0.998429491700757
"2015Q4",106.525,-0.000892,0.68960119384831,11276.4448304889,6135.93762177343,2292.21082505529,0.196751738286219,2723.32604316228,0.988209340530392,0.997531095986858
"2016Q1",106.762,-0.001867,0.691906729466854,11341.6020117582,6179.60041483174,2307.76357987564,0.196173090327956,2744.23653913482,0.9831869017066,0.99360259268279
"2016Q2",106.966,-0.002582,0.694916724420816,11367.5081820387,6198.7249133707,2334.60445844012,0.196540924822287,2750.31332407264,0.981199633528411,0.99422246321261
"2016Q3",107.205,-0.002982,0.697259892246486,11422.8757911651,6223.91913804232,2349.35518533752,0.197517865393557,2752.94492188316,0.982304929807378,0.994645772118838
"2016Q4",107.342,-0.003125,0.69963603799782,11513.2866615362,6263.83296426556,2385.42649029641,0.198565241479241,2760.42475192021,0.98569059641147,0.997186562575693
"2017Q1",107.684,-0.003278,0.702648037598605,11594.9650970153,6291.68652680217,2360.46338996874,0.198835716185649,2776.02791392509,0.984640243675941,0.998672040414546
"2017Q2",108.152,-0.003299,0.705648530875826,11689.1898374509,6319.97650701618,2533.40274863294,0.199136077363276,2786.13778796103,0.991807826022635,0.996523411494933
"2017Q3",108.39,-0.003296,0.70897596170165,11778.7402478478,6357.74216780164,2430.84498412648,0.199785229491698,2796.58608333984,0.986668511855337,0.996060522188394
"2017Q4",108.831,-0.003289,0.711467058978021,11875.1378536426,6386.11622587162,2450.69198084777,0.200163299670567,2812.58343614642,0.986814418685852,0.995479229263721
"2018Q1",109.286,-0.003283,0.714967151709322,11877.7889447913,6421.64560792966,2454.26753358214,0.2011885799867,2811.00366072657,0.98736343172959,0.995726808557363
"2018Q2",109.655,-0.003252,0.718685173010147,11947.0359136899,6434.12014558139,2504.0674905778,0.200971619691272,2838.82121845806,0.989466964570699,0.996105968720077
"2018Q3",110.126,-0.003195,0.720920322668969,11947.1954027839,6434.44104204821,2513.13764756423,0.201609922939024,2846.94176424833,0.992962606468954,0.997402974774349
"2018Q4",110.638,-0.003155,0.722998297718147,12032.651953036,6467.69252588319,2623.27185662876,0.201790671460923,2855.2955679206,0.997622878215441,0.995896527413728
"2019Q1",111.116,-0.003085,0.726716691722369,12107.7977676207,6502.69601573738,2566.16694727244,0.202020987573884,2870.94843044417,0.991594369847727,0.990964397566507
"2019Q2",111.467,-0.003169,0.729326280614768,12153.8052601994,6513.68351641794,2743.18781125745,0.203913437080978,2863.3143926217,0.998259574582612,0.993020355800371
"2019Q3",112.016,-0.003959,0.730665587702738,12177.1761860109,6554.13850690918,2610.4945488354,0.204045139068961,2869.36048062346,0.991617268961577,0.990581702613912
"2019Q4",112.704,-0.004034,0.73214758828889,12187.6097282361,6564.91033250598,2846.42741884412,0.203700669604321,2868.77796723259,1.00276831345826,0.987640190232822
"2020Q1",113.283,-0.004054,0.731042173859918,11772.5634864298,6270.91530080809,2715.17899120712,0.209872648730568,2747.49613677469,0.997175216051835,0.984137072641085
"2020Q2",114.695,-0.003031,0.709651812083341,10448.0326991348,5482.78809422652,2221.67562773219,0.222388735144813,2375.67678845633,0.975962334888182,0.972919482104713
"2020Q3",113.283,-0.004712,0.717733990255778,11715.9862565697,6265.00883865966,2536.6675071682,0.211663402276842,2708.46118466887,0.989663056239683,0.981506492589356
"2020Q4",114.321,-0.005227,0.721985695027541,11711.8663377909,6099.77424326843,2641.29125860274,0.212819911046623,2696.22980543819,0.988007452698979,0.974877756492683
"2021Q1",115.329,-0.005423,0.72143555418419,11761.0200349841,6000.49156842287,2580.47774016935,0.21160879371428,2696.87140929987,0.987227843820722,0.97716099159795
"2021Q2",115.619,-0.005405,0.727135274995836,12010.9703361957,6210.72276691166,2628.63051763205,0.207286707551522,2791.53383801404,0.998391267871198,0.978688623842102
"2021Q3",116.751,-0.005458,0.735817292858626,12263.1600102909,6483.83562815641,2598.97136425294,0.209459832765174,2823.67190753327,1.01405555412802,0.977396339217651
"2021Q4",117.964,-0.005669,0.740347498588272,12332.447165435,6502.98991546385,2687.77281138977,0.208836032266361,2842.71070767954,1.01937031636771,0.98051948051948
"2022Q1",119.662,-0.005279,0.743928777889979,12408.4949387382,6500.88828012055,2666.16070428653,0.206912131406455,2872.78152136585,1.02368337483913,0.985642894151861
"2022Q2",121.003,-0.003533,0.746946133518432,12510.9944868623,6550.38238946873,2680.80455366111,0.205477750875147,2894.15020225697,1.03752799517367,0.993851392114245
"2022Q3",122.227,0.004862,0.74944383883874,12570.8877971163,6633.52351315925,2714.59796882622,0.206668346668982,2899.33790071036,1.04566094234498,1.00329714383892
"2022Q4",124.674,0.01773,0.752539776455248,12570.7076994421,6581.68367887544,2713.84314336855,0.206070315236914,2907.76233214052,1.03817957232462,1.00749955884948
"2023Q1",127.319,0.02636,0.756821460485104,12576.4606922876,6589.70133359985,2721.13529682077,0.204439815068802,2933.39479105259,1.02240042727323,0.999827205680221
"2023Q2",128.576,0.033624,0.757938389255547,12592.786318966,6593.54760717367,2725.62124990563,0.203392623250932,2942.15983701904,1.01790380786461,0.999074477351916
"2023Q3",129.441,0.037775,0.759795863690319,12585.2266698345,6614.02753360309,2724.89031177814,0.205166147766361,2940.52898290787,1.01797730240032,1.00224040296351
